origin,destination,volume_car,volume_bus,volume_walk
zone_0,zone_0,5.8631359783728885e-257,0.0,22121.731073513634
zone_0,zone_1,471.7514997584003,638.3383082361211,4.695054070582066e-09
zone_0,zone_12,43.27413503240784,125.97665520172329,1.675409168914414e-13
zone_0,zone_13,6317.210956137627,0.0,5.2619780270911046e-05
zone_0,zone_15,750.3351513230588,2751.0040072561014,0.03913981488479761
zone_0,zone_16,21.978837199051757,29.752714680886015,1.512192545759129e-17
zone_0,zone_17,53.01085766289942,0.0,6.949600657536187e-07
zone_0,zone_19,621.2040338394021,260.84677969588967,2.07131921834969e-11
zone_0,zone_21,450.3857153109326,316.2800299975015,0.2591268525091257
zone_0,zone_22,14.234782697559734,43.1034551736212,3.98134717047296e-09
zone_0,zone_24,17.789102174551555,41.73827194893742,4.777148886879219e-15
zone_0,zone_28,61.22663571363007,0.0,3.510240013334061e-05
zone_0,zone_29,189.31283710849897,76.43827220299409,3.1059649067107723e-21
zone_0,zone_3,32.050170688925725,25.132972485786443,3.9515754380915736e-16
zone_0,zone_30,23.202765751701474,27.508213893440853,7.655415888010971e-17
zone_0,zone_35,213.32954305451344,782.4622870598562,3.7137709987967967e-10
zone_0,zone_37,237.58445815352405,558.0802825012254,4.415005068400445e-09
zone_0,zone_41,512.7738996801305,6803.010835602651,6872.346524638739
zone_0,zone_42,297.72787858141,162.15908028049103,1.6344529282634e-10
zone_0,zone_43,17.842353354940396,29.04402048542786,1.8673689544472472e-16
zone_0,zone_44,14.876028788193254,34.55084263279265,1.3954984381525938e-16
zone_0,zone_45,412.9817727334936,328.23789855308405,0.42518928016885243
zone_0,zone_47,754.3123858158757,2002.8789299762677,0.00015763137551170467
zone_0,zone_48,1152.589043562678,916.5024876428861,0.12262060279477945
zone_0,zone_49,142.5588783617896,71.4367626820101,2.6703920359588417e-14
zone_0,zone_5,292.23465361346433,824.8222423780818,5.925297084767489e-12
zone_0,zone_50,321.3843076597564,169.24096701956924,7.902865608056417e-08
zone_0,zone_51,36.71328458555674,9.752991258551367,4.748975008929934e-22
zone_0,zone_52,53.38854350976355,183.66016235771156,9.362291978303602e-11
zone_0,zone_53,21.787544574831976,26.372382855309564,1.5846541538396406e-19
zone_0,zone_54,28.245416223299785,22.094618362069617,7.555974057141093e-23
zone_0,zone_7,851.4332698034153,0.0,0.08490583725300072
zone_0,zone_9,27.75946680600974,24.216004794314102,1.4888583034647206e-22
zone_1,zone_0,996.8357360007876,4.00801426855317,1.246957658689384e-08
zone_1,zone_1,1.9875432349682926e-257,0.0,7499.040974511334
zone_1,zone_10,59.520594405297864,30.595876629443065,3.497964472786372e-11
zone_1,zone_13,521.2621861304206,0.0,7.564506931248759e-13
zone_1,zone_19,33.43824852432837,59.926988445992414,0.0020455929483662425
zone_1,zone_20,32.59326977220984,108.58898049238266,4.5707614141058466e-11
zone_1,zone_21,340.99503739773155,0.0,0.004661893353908606
zone_1,zone_22,212.53603629537724,172.36532639004773,2.714449599131706e-06
zone_1,zone_24,177.02203019359277,506.65896036176144,0.7167953979537683
zone_1,zone_25,125.89947365430764,624.0396107876619,7.428384435099062e-05
zone_1,zone_29,239.7368133537601,317.73512230602165,1.3348069833044158e-10
zone_1,zone_3,368.01361063099574,993.7656454576306,0.0010473288668631795
zone_1,zone_30,70.81136419897673,315.8454395241706,0.00022167110074922038
zone_1,zone_35,98.46620316344794,0.8577074510037878,1.924375980407936e-15
zone_1,zone_36,88.57501671305657,280.6012815317787,1.3010699267436857e-08
zone_1,zone_37,1103.112817669116,1933.7758900816839,45.409700403234076
zone_1,zone_38,53.745412081768734,78.50700333992953,9.160612721194263e-10
zone_1,zone_39,50.20231483150365,0.2321838936884927,8.28255972399097e-19
zone_1,zone_4,45.829614379192726,0.23442839992613512,1.0613952564797326e-18
zone_1,zone_41,44.74237240382641,0.18976083219727446,9.448250610553303e-11
zone_1,zone_42,322.104856908903,640.6981329241861,1.0553542802970854
zone_1,zone_43,213.00301218681636,8506.971345791997,0.2183520840378303
zone_1,zone_44,127.04249271071227,532.2345181864424,3.5398904535898155e-06
zone_1,zone_45,166.22642389516463,0.0,4.1897551275122816e-05
zone_1,zone_46,45.28141533973234,171.90193738904276,2.2485402892436616e-09
zone_1,zone_47,325.97686463628946,34.541394806688515,1.8943510868062287e-06
zone_1,zone_48,1415.0332146747903,0.0,0.2625749211051984
zone_1,zone_49,252.4173737425592,461.59561087186,0.001604601742951033
zone_1,zone_5,146.46977488747612,5.545497376705898,3.428955598990589e-14
zone_1,zone_50,39.24477971441763,88.19005583286986,0.03520943266520991
zone_1,zone_51,23.256934844066517,21.178347346161495,2.85434327883002e-10
zone_1,zone_52,88.18353656567113,1.684732701728699,6.547762380778364e-12
zone_1,zone_53,24.99625568298795,123.82459733135809,1.877748712686188e-07
zone_1,zone_54,12.233933848403158,35.86344157687974,3.105172205297288e-11
zone_1,zone_55,37.470106527530795,116.07839534781343,2.3079285931149764e-08
zone_1,zone_56,73.35192960484375,4067.99170783004,0.13543028846918942
zone_1,zone_57,19.736603159867226,92.90750804144348,2.049674336684063e-07
zone_1,zone_6,47.572450021759046,164.77303474621627,3.254925397029869e-06
zone_1,zone_7,50.690052396549554,0.0,2.06757574166161e-09
zone_1,zone_9,139.1636380142105,455.0311003653977,7.08182358396879e-10
zone_10,zone_1,37.96336773885896,11.455125484216103,2.3872250615081972e-11
zone_10,zone_10,2.1547141612853166e-257,0.0,8129.780273230728
zone_10,zone_12,415.3930827549921,0.0,191.63334332934224
zone_10,zone_15,81.75063009023627,20.516531648169302,1.4372601852369624e-06
zone_10,zone_22,87.26743045058019,26.61455965742753,0.00025062891073856456
zone_10,zone_25,99.4555714308655,63.570785290478426,0.0004321525110299174
zone_10,zone_26,9.900101271743965e-261,3.3298740192527605,1.0434173345254145
zone_10,zone_3,77.61969232692545,34.281845717704165,1.8737528262171234e-12
zone_10,zone_33,1698.1164399473544,0.0,3646.9607605708306
zone_10,zone_35,231.9920517876936,73.9476435529297,0.008915541000769477
zone_10,zone_36,64.52521439922742,260.77797889643534,0.0003340462849402034
zone_10,zone_37,41.201586917068184,10.653149620346753,1.143830905766207e-09
zone_10,zone_38,319.1813532999046,7019.059890990952,908.4264368411721
zone_10,zone_40,1087.147337608221,0.0,763.373031250504
zone_10,zone_43,173.3650320061711,147.86799595135827,0.0001232843593227515
zone_10,zone_44,191.69768428111362,98.42890910164407,5.646997204121858e-05
zone_10,zone_46,101.39086795719936,32.47344215301172,3.6157665934722266e-08
zone_10,zone_47,41.61381153680806,11.343765382290364,3.712814020409976e-08
zone_10,zone_5,810.431646615555,0.0,22.177693610854032
zone_10,zone_52,230.95000332014178,0.0,0.9901405209539436
zone_10,zone_54,69.11996323968873,29.719498728476236,9.368217010565097e-12
zone_10,zone_55,300.16457450059113,1808.7009274214665,12.302327818171948
zone_10,zone_56,39.10261731581992,12.25286742619774,1.5220948039199228e-09
zone_10,zone_6,67.12278187864206,314.1516421971669,0.02688038672981678
zone_10,zone_9,102.35794973133648,50.188940648020875,2.7659565098370767e-14
zone_11,zone_11,99.54790444940687,0.0,884.2214754936662
zone_11,zone_20,9.205386301564943,35.36521559254751,1.198753021798873e-12
zone_11,zone_29,564.4189602328739,108.22748841315249,0.00015826548552461272
zone_11,zone_31,2901.0646510749193,0.0,40106.25549778309
zone_11,zone_49,69.92989252475307,26.215117173003176,2.338352392154403e-13
zone_11,zone_51,129.49751732278875,727.9850561629346,0.0005124077592621532
zone_11,zone_54,20.290320764189293,71.05491105763342,6.276929410878937e-14
zone_11,zone_9,19.688635296477443,74.23479968372013,1.3436861789091771e-11
zone_12,zone_1,105.17581962215975,42.78546532541051,8.253722530381018e-13
zone_12,zone_10,138.0243996663699,1218.3208872630933,99.46570918928211
zone_12,zone_12,7.719308460524468e-258,0.0,2912.510753069906
zone_12,zone_13,48.64342629881424,0.0001343746855794141,6.315823778238622e-25
zone_12,zone_15,65.18600122521578,36.91643178898361,1.6840269997461036e-05
zone_12,zone_22,267.64429016014935,183.88004901086046,0.01127572239256397
zone_12,zone_24,73.67593439460077,43.41261198839539,4.911803540924279e-09
zone_12,zone_25,146.42314504259502,70.32302735232051,8.492845978579462e-06
zone_12,zone_33,31.0373516512423,3257.357756305445,964.61607936216
zone_12,zone_35,829.0893194624615,596.355315285775,0.4681945344332828
zone_12,zone_37,138.40749275644762,68.85484052072424,5.636569923599559e-08
zone_12,zone_40,21.757110201358813,91.56552895245547,9.85032011177809
zone_12,zone_43,29.522336325710782,16.24500701195417,2.90046935501158e-07
zone_12,zone_44,225.97314689963744,111.97761626105427,8.918886502074135e-07
zone_12,zone_47,130.74351686072333,80.42525437953107,1.7141005160755583e-06
zone_12,zone_48,102.42742396515139,1.3160046471511229,1.5350132723697231e-18
zone_12,zone_5,1556.4718932879557,0.0,625.8808934459929
zone_12,zone_52,434.7472190245176,0.0,27.341547290705794
zone_12,zone_6,12.30975910085157,42.41505361488926,7.961212182736186e-05
zone_13,zone_0,1365.9223716444392,5154.57560433227,4.7417524654981205e-06
zone_13,zone_1,144.20965516254998,529.7579551441845,3.665124593037428e-13
zone_13,zone_13,169.7116568172119,0.0,30267.35260462717
zone_13,zone_15,73.21770440401838,176.1135964001922,5.6166734831674094e-14
zone_13,zone_17,485.45431320898683,1916.4429208689764,429.28142871880056
zone_13,zone_19,221.35719091701316,526.6339171987712,1.7940976730804933e-15
zone_13,zone_21,211.54095877881477,866.4542442106964,3.327730418111916e-05
zone_13,zone_22,18.849840485063005,35.86547234669975,7.425341459919224e-20
zone_13,zone_28,449.8714371514892,55.72753031408145,3.342872700911459e-05
zone_13,zone_29,31.736409985055733,69.75125291648204,1.2735150797787591e-24
zone_13,zone_3,65.25485742955665,152.97771560441996,2.0545649331268786e-19
zone_13,zone_30,16.575715473321377,31.809543970324825,1.3965883426726823e-20
zone_13,zone_32,847.6869586926516,0.0,8916.477099878335
zone_13,zone_33,19.02759608100093,33.24539679811791,2.96607662890836e-25
zone_13,zone_35,14.672464209210373,35.071131724276476,3.7309840857729185e-22
zone_13,zone_37,218.19747666695795,287.7994955704307,2.5071838756698833e-15
zone_13,zone_41,57.43306494672926,212.72152548353665,4.575758733416679e-06
zone_13,zone_42,82.5238600823693,267.9090055944454,1.1569099184212817e-14
zone_13,zone_43,46.57994917870173,87.64788159260293,1.2449276257400535e-19
zone_13,zone_44,19.25959193973143,27.88817218811203,9.358374406741073e-24
zone_13,zone_45,153.07901761320693,720.9838406774079,4.415026073816985e-05
zone_13,zone_47,56.49187885009544,98.41632915984172,1.7361092057561929e-16
zone_13,zone_48,199.8709392416254,913.7530318738737,5.4300735097864636e-06
zone_13,zone_49,64.2270974701836,191.70840289057583,3.0723178639727497e-18
zone_13,zone_5,17.78582789418791,32.93611295309234,5.3033720581202544e-24
zone_13,zone_50,30.803985826494944,96.42657096169485,2.706997361115229e-11
zone_13,zone_56,18.205113154055464,31.142276084300676,4.065150097536299e-20
zone_13,zone_7,1892.3096168113516,12006.238536859459,21.837368784246205
zone_15,zone_0,4661.360551929462,0.0,0.004309540388077149
zone_15,zone_1,16.124984105368988,34.03867425550537,7.452692286649103e-14
zone_15,zone_10,35.93698728403346,105.60440379972718,1.353366048632963e-06
zone_15,zone_12,74.23383574386975,263.61949226389675,4.133891315556284e-05
zone_15,zone_13,248.03994317792427,0.0025112176274801313,8.05567469971623e-15
zone_15,zone_15,62.08726368009906,0.0,15244.705261478395
zone_15,zone_22,31.540482652867997,140.90884327879397,0.0006797914062448752
zone_15,zone_25,12.445220142462036,42.75477883377133,5.780917643848116e-14
zone_15,zone_3,24.64681605601492,32.45831564296724,4.744064992594697e-20
zone_15,zone_30,17.103851233287855,33.53554777863854,4.29462818545741e-20
zone_15,zone_35,416.3233313229516,2032.1872531926035,0.09924680147258004
zone_15,zone_37,81.88799923676761,345.7570397017242,0.00013408676559040932
zone_15,zone_38,14.7687860177966,31.370629447267437,1.4522828290580956e-08
zone_15,zone_40,25.22130768441285,58.7850620781352,1.0003495062632049e-06
zone_15,zone_41,1129.8310435105393,0.0,0.020906776738550674
zone_15,zone_43,13.046856194566372,33.62311822860876,1.0256126963967679e-14
zone_15,zone_44,42.83406759878806,154.39883397517383,3.656849030247163e-11
zone_15,zone_47,400.63757732303367,1959.7274922186994,27.461942795350073
zone_15,zone_48,49.74928057707207,3.0718711429435097,2.2869213031398534e-11
zone_15,zone_49,35.29497037788184,18.21992372071681,1.1193333617265708e-19
zone_15,zone_5,477.3511170570828,1643.4433879511375,0.0013921339352662894
zone_15,zone_52,45.38684428815189,190.4740069452755,0.011447977220883455
zone_15,zone_7,53.11412152902241,0.0158980144341448,2.0651594193346806e-11
zone_16,zone_1,12.6934304326204,39.826818250248714,2.5622085932780004e-06
zone_16,zone_3,11.158044469667546,47.56525553068649,0.8698763098804535
zone_16,zone_30,6.993357808638177,50.09330804733426,0.6535828588556598
zone_16,zone_36,10.921172110225061,46.76380934896053,4.428976824823756e-06
zone_16,zone_38,18.17145594514957,30.15935021133488,8.551013898184254e-07
zone_16,zone_43,20.488502888750123,625.8875785472953,0.9645500632401146
zone_16,zone_44,1.9109748695650238e-260,5.041474722927513,4.471796845572148e-10
zone_16,zone_46,21.984495525504524,154.3907811488013,2.2487666998817186
zone_16,zone_49,38.72880039533618,17.589968063847913,0.00015969244503805796
zone_16,zone_51,41.758976867884634,56.03579609112881,3.634470934886288e-05
zone_16,zone_53,8.423530772670138e-259,278.58732622805303,3.676365245140043
zone_16,zone_54,10.381071024242699,42.83289993524649,0.042496707628698
zone_16,zone_56,29.404905357051046,79.14711843371299,0.8638805065378313
zone_16,zone_57,8.134121043524328,0.0,440.6852236968024
zone_16,zone_6,12.117988749289069,46.305481558354955,0.002289079237328585
zone_16,zone_9,38.62240059194199,190.040767735381,0.00040328050564593636
zone_17,zone_13,417.7560597396598,1630.5483841895898,375.45387034110485
zone_17,zone_17,72.64453556763844,0.0,19611.88021417572
zone_17,zone_19,6795.496337288681,7399.392792762501,7.784004237885463e-07
zone_17,zone_21,63.102845326992494,151.08097785859385,1.2959210749408597e-05
zone_17,zone_32,266.68398969723717,0.0,199.31245216160588
zone_17,zone_39,719.583344106069,2.0859985597100597,5.1214178339340995e-09
zone_17,zone_4,402.6233101173057,1.4892026674191199,2.0368135699898152e-12
zone_17,zone_50,15.335620802898678,31.10102195177234,1.9499884166863977e-11
zone_17,zone_7,11.275429442871001,44.13680391116167,0.17929558872684725
zone_19,zone_0,795.2798322081045,0.8786741991507964,1.4224084478207814e-10
zone_19,zone_1,65.16961679881467,221.60742651901418,0.017779228172879854
zone_19,zone_13,848.6116069193899,0.00429146337544968,1.6705047143067685e-14
zone_19,zone_17,13907.934754197417,0.0,1.5931054582850757e-06
zone_19,zone_19,265.6531404377259,0.0,30648.58321904704
zone_19,zone_21,5813.336191773592,47.62778239732434,0.0009121567151318116
zone_19,zone_25,12.201161942373137,40.40173622886223,1.2914722114007159e-11
zone_19,zone_29,27.463508178579193,123.60348464915799,1.0680070350379764e-08
zone_19,zone_3,9.349275319838325,44.886319265801234,0.0027322441177665946
zone_19,zone_32,52.82956417419395,0.0,1.525888342887328e-13
zone_19,zone_36,14.280475950311743,38.17098368868638,3.752702607479738e-15
zone_19,zone_37,146.49606225983928,155.19531173038655,0.00018069067707850628
zone_19,zone_39,2093.6513448165542,20.238626489755497,3.1312143284845444e-09
zone_19,zone_4,994.7398560436992,12.268972206738482,1.0574533367508014e-12
zone_19,zone_42,5.721008870468707,841.6749432479844,61.51530084581787
zone_19,zone_45,495.9369915288635,1.2089511071012222,1.691692590350686e-06
zone_19,zone_48,637.0102269970424,16.29587483617029,0.0018486830790618283
zone_19,zone_49,7.149107136586353,72.19616955721351,0.05230466609053618
zone_19,zone_50,193.87413339803427,0.0,520.7426956122597
zone_19,zone_56,10.97943542471976,38.81171519732451,2.2410763853483086e-06
zone_19,zone_7,100.83779387078935,0.015249202504825584,5.6467943879240144e-11
zone_2,zone_2,3.2793230656486073e-258,0.0,1237.2952500000001
zone_2,zone_26,1080.0749420233765,0.0,96.06949943982374
zone_2,zone_40,60.72264510215901,0.0,0.42816343464138934
zone_20,zone_1,93.35132856990747,54.881266734555275,8.773056255365648e-11
zone_20,zone_10,28.467081294187988,17.85895118287554,2.6571145525644e-12
zone_20,zone_20,7.847788454054888e-260,0.0,29.60986515455268
zone_20,zone_25,37.544512873860974,16.722681350382302,8.372000400433811e-11
zone_20,zone_29,297.1880676775251,15.735572344304112,7.804312134173239e-15
zone_20,zone_3,96.89326971722156,71.1867944381005,0.0001123492850273938
zone_20,zone_30,84.71973605936857,63.93209005001555,0.4280094297575964
zone_20,zone_31,213.34622730930568,4.706454867359806,6.567608573646677e-10
zone_20,zone_36,250.36403176630535,1052.7879410896571,2.122202662106998e-05
zone_20,zone_37,44.386545336678864,7.659352642264416,1.0143902695927549e-14
zone_20,zone_38,16.34383710931939,29.036341491339872,4.424420063208496e-11
zone_20,zone_42,42.7839227930942,2.2663001279543886,1.8700391782417453e-11
zone_20,zone_43,91.47327670158033,46.37764012527753,3.874652762892989e-06
zone_20,zone_44,35.089387427377524,13.443349874778054,6.578067228798234e-14
zone_20,zone_46,208.40152837640224,1417.7216752932732,5.67120019824509
zone_20,zone_49,48.431572526840895,3.853316140954342,9.184484568430342e-10
zone_20,zone_51,335.7826975497152,75.07314950139538,0.006639129184002828
zone_20,zone_53,375.7104941140266,0.0,4.718399730234672
zone_20,zone_54,260.7469777366319,0.0,13034.394795644392
zone_20,zone_56,68.00143670654074,34.15802553944685,2.0385457803771846e-05
zone_20,zone_57,15.98507527405859,42.027065559375515,1.0095993045762497
zone_20,zone_6,23.86485904486158,85.85748218955099,4.3662602897909516e-08
zone_20,zone_9,1521.0518500809674,0.0,10057.912005759314
zone_21,zone_0,245.31056091457114,491.4311683936985,0.16498062475464922
zone_21,zone_1,62.88601099003742,363.85982489795117,0.0019520253173184257
zone_21,zone_13,897.3128615383337,0.0,0.00016796237669033955
zone_21,zone_17,212.3927048183788,0.0,5.248371238918216e-05
zone_21,zone_19,1782.569563740822,4747.5982157070575,0.00011935558469368707
zone_21,zone_21,1.4354202650907946e-257,0.0,5415.8698005538035
zone_21,zone_29,12.982912868527595,40.26346882633925,3.3015060273107387e-15
zone_21,zone_30,29.137612790018775,72.50239793512206,2.397187771993149e-10
zone_21,zone_32,55.796618624991495,0.0,8.839976377007164e-06
zone_21,zone_37,120.5530880034408,92.07939635134596,1.352591825287265e-05
zone_21,zone_42,34.79201209913904,149.3764072838686,4.762681207287553e-05
zone_21,zone_45,27.179964566753952,0.0,446.1481446157204
zone_21,zone_48,119.9814184716962,0.0,5712.027667296569
zone_21,zone_49,21.764943398564448,85.9517295729913,1.0166169558803032e-08
zone_21,zone_50,162.53535165273672,597.9545693212509,0.08744079677220133
zone_21,zone_53,13.497460401476145,34.771612237966565,2.4479205557414284e-13
zone_21,zone_7,159.1624375259074,0.0,0.8297526015473629
zone_21,zone_9,18.30063016850518,33.762336210817956,2.447526170770592e-16
zone_22,zone_1,47.47534054341737,205.119766741718,1.155823667481818e-06
zone_22,zone_10,165.7432363472134,71.14878100175768,0.00031422294340265966
zone_22,zone_12,615.3676078796472,62.397977509995926,0.01660107414783298
zone_22,zone_15,157.38243793138255,0.0,0.003449375585148516
zone_22,zone_24,5.604497095078532e-259,179.24279458336224,0.049949032860736486
zone_22,zone_25,62.85836047788004,325.13968914462487,6.994285893757789e-05
zone_22,zone_29,30.00364969666914,23.128630359719086,1.0410245368152648e-20
zone_22,zone_3,16.1260580220019,40.93369002725029,8.486312944479996e-12
zone_22,zone_33,48.54102198377629,6.54814190758063,0.0003725640034299472
zone_22,zone_35,376.88717098650665,40.73080954191416,0.000658819930074775
zone_22,zone_36,25.979395577043864,85.07254622059658,7.856394618403732e-12
zone_22,zone_37,74.47745286101049,520.3870887700953,43.411663178876424
zone_22,zone_4,48.420394238398956,0.14405809735807942,6.988152893355859e-28
zone_22,zone_41,47.54662208214884,0.0,6.142205039217194e-08
zone_22,zone_43,34.09793776452197,154.48011988007462,1.5071058806210495e-07
zone_22,zone_44,124.39705981819009,678.7331092018084,0.02944217308060731
zone_22,zone_47,86.87037312441551,0.0,5880.056371066663
zone_22,zone_48,47.02201397593885,6.406756778300446,8.481606790234267e-11
zone_22,zone_5,578.9088672629823,60.06035053998788,0.0014924218043995566
zone_22,zone_52,94.32176862480254,0.0,0.626426284868437
zone_22,zone_53,10.288205409326219,38.21930581072235,8.594134163553266e-14
zone_22,zone_55,20.662039379023653,87.13129336690751,4.8669272204438024e-08
zone_22,zone_56,8.446930575661126,43.63928513612203,1.2155041275170459e-08
zone_22,zone_6,11.723159852219442,44.218800563360865,2.7423779540218284e-10
zone_23,zone_29,42.22075816628195,766.6928441167609,0.018747952308808248
zone_23,zone_3,9.074280703058985,157.31563737491356,0.0005934657794163153
zone_23,zone_31,15.51966361225951,50.14595628326682,2.1853872959714208e-10
zone_23,zone_37,26.888430254550855,30.564321872995095,1.796133560789372e-10
zone_23,zone_4,157.85732866706593,3.7676871549666333,9.929352710799375e-10
zone_23,zone_49,1.6180174994176508e-259,51.02076691408333,0.0004834603166255131
zone_24,zone_1,80.79485852487532,1214.6027705643335,1.0804826330063182
zone_24,zone_10,72.30782355832125,30.40582868902764,3.530067904593758e-10
zone_24,zone_12,57.21544507741284,3.988198943784021,1.039375734736591e-09
zone_24,zone_22,76.28123925875599,49.503910239123115,0.058678272435883895
zone_24,zone_24,1.3994575829262115e-258,0.0,528.0181870670941
zone_24,zone_25,46.61784992215795,193.85888467836492,0.00037329807893644613
zone_24,zone_30,4.415443627658111e-264,0.0009999999769027266,2.3097273594871092e-11
zone_24,zone_35,55.98628205414359,0.388908599215215,6.59014146329962e-11
zone_24,zone_37,130.10271970130694,1924.9305010003202,2.5589825153716994
zone_24,zone_38,45.580652666866136,54.95307608336253,1.6852276591615565e-07
zone_24,zone_42,41.724015553800086,58.339781319167514,4.124089032685905e-06
zone_24,zone_43,64.4309153924908,465.4090465268933,0.07171777900717145
zone_24,zone_44,49.19470735948854,164.92212816069141,0.08255997852120173
zone_24,zone_45,46.60684871396219,0.8245949575656009,3.4779195185894175e-10
zone_24,zone_46,18.25289538430896,81.15839447077917,3.416590686374506e-10
zone_24,zone_47,324.31854728212545,27.49978598253037,0.0004761188698871673
zone_24,zone_48,49.85129461218366,8.009277309608533,2.738698727173041e-07
zone_24,zone_5,112.55720375590163,3.3984757002522836,1.9539453581541174e-10
zone_24,zone_53,9.417541371350506,43.28449861974535,1.4643283470446266e-08
zone_24,zone_54,41.73673534462613,122.39338661508518,3.9931768530115954e-11
zone_24,zone_55,32.588454385371286,84.36528469707054,1.0119397730322305e-07
zone_24,zone_56,7.597920028623632,1288.9624126785097,0.05374665872697816
zone_24,zone_6,15.045409561016164,45.359323893414604,5.475733280437101e-06
zone_24,zone_9,13.079739482543852,43.10372997780213,2.3489810929986086e-12
zone_25,zone_1,136.21548051200446,437.0337034450449,7.235371727874615e-05
zone_25,zone_10,168.62214990990776,124.33972497069668,0.0006907353442061263
zone_25,zone_12,203.06556236816658,28.884296530964995,6.012321800414365e-06
zone_25,zone_15,160.13955707601747,1.7122767435589,6.651927486491826e-13
zone_25,zone_19,28.6103195631118,21.936575994948722,6.1888761763746635e-12
zone_25,zone_21,50.46554697744447,2.2609127790307078,2.4396226051482727e-12
zone_25,zone_22,146.25449197804105,210.0563019833533,9.898062306971094e-05
zone_25,zone_24,19.552480514985486,186.12077532180405,0.00012538252834111652
zone_25,zone_25,6.846797570531312,0.0,171.1265404299739
zone_25,zone_29,105.50624410524102,59.23400923591051,7.3507164500947085e-19
zone_25,zone_3,13.489909037205509,45.488334758020926,1.2166512373807974e-09
zone_25,zone_30,8.487275166800542,43.919756651749296,1.5257793694465365e-09
zone_25,zone_35,53.03346287547591,0.751764560261268,1.3775645120605632e-10
zone_25,zone_36,66.46830540835674,333.7090990391537,6.631744625587362e-07
zone_25,zone_37,124.8012730068275,422.7467499960332,5.734314554010504e-05
zone_25,zone_38,202.3852888431322,466.1496893952194,0.6215582722721913
zone_25,zone_43,186.62221342372567,4207.18147450018,19.514911645304146
zone_25,zone_44,372.6507181952519,8912.961389754058,737.3879828223561
zone_25,zone_46,35.70443198084807,105.52585382990048,3.179527956836396e-09
zone_25,zone_47,235.0292645140388,44.12805001024912,2.0619796630314792e-07
zone_25,zone_48,99.43274328012438,10.207394320173247,6.52423235108673e-11
zone_25,zone_49,31.403511185068034,23.61173941449733,2.49800895013117e-12
zone_25,zone_5,103.4458230009975,6.373614847933853,1.9149456689651965e-07
zone_25,zone_53,8.180501725774013,42.100325267529946,1.488011672707275e-09
zone_25,zone_55,66.75957446621048,548.2453393714849,0.0019471865749619342
zone_25,zone_56,41.74166270235826,173.42829137314934,1.029422161633476e-05
zone_25,zone_57,1.6266307213213687e-260,4.57435646635279,2.1372941870802838e-07
zone_25,zone_6,67.68729639250799,392.52625619482114,0.00011100917760493188
zone_25,zone_9,33.115071980244444,127.80337173373017,6.957153651997962e-13
zone_26,zone_10,19.214487940165604,0.0,164.50232844158668
zone_26,zone_2,1075.5132686831694,0.0,95.66375197050397
zone_26,zone_26,77.487604894866,0.0,2380.630316720672
zone_26,zone_40,51.60167579729329,0.0,1.156315551744147
zone_28,zone_0,19.11977814656876,82.79462520109792,2.2827893786537122e-05
zone_28,zone_13,452.4061292517919,14.424273848703256,3.421078618031527e-05
zone_28,zone_28,8.445523728806856e-259,0.0,318.6513248077379
zone_28,zone_41,9.918828232256587e-259,0.0,250.09353867910426
zone_29,zone_0,108.90308179928738,0.06590456210493188,1.9722354251454504e-21
zone_29,zone_1,142.80410990251198,485.15002291493454,9.38669051611161e-12
zone_29,zone_11,275.83864808281004,480.919390774127,3.3085092331765205e-05
zone_29,zone_13,154.82309688341857,0.0012369821043639927,6.205066338805531e-24
zone_29,zone_16,10.924662483076203,42.708017533140456,6.5714878041596165e-12
zone_29,zone_19,86.57727777216388,65.79893657690837,1.6940719476881335e-08
zone_29,zone_20,12.614742511421776,38.55594735549977,5.638593032797656e-17
zone_29,zone_23,46.040309851828425,880.7679912458852,3.80912675092454
zone_29,zone_25,14.788906874140052,42.83291902489721,1.3439522902793027e-19
zone_29,zone_29,6.585727864298803,0.0,17215.341047282516
zone_29,zone_3,162.17933161063283,2151.717696572604,2.0008408810371083e-05
zone_29,zone_30,35.588189681885034,122.24689116070908,1.0265691937078767e-10
zone_29,zone_31,819.9047473087907,2818.4575682627014,0.0010105698707562328
zone_29,zone_36,16.689135331416452,40.766803039688156,1.7740805588819125e-21
zone_29,zone_37,221.71154468333404,218.61092219874007,5.506430656838448e-14
zone_29,zone_38,24.677397911658822,23.22525194305385,3.1264529439656465e-22
zone_29,zone_39,991.2621220821345,0.0,0.00027411190227418625
zone_29,zone_4,6410.053970182254,0.0,0.002488233738562034
zone_29,zone_42,132.82835429427968,201.79827585197486,3.9010337542091666e-07
zone_29,zone_43,33.69649030992634,112.24815091005675,8.808775386991318e-17
zone_29,zone_44,29.09126100693481,73.47708917403345,7.188644916958859e-22
zone_29,zone_46,11.384500170846872,35.85975370760446,5.209197971922358e-16
zone_29,zone_48,265.72655522040094,9.314988835989887,7.13858351043959e-14
zone_29,zone_49,261.7920215317277,1949.8345691633212,4.55434480200302e-05
zone_29,zone_51,215.98629564856617,1065.9831487817678,3.2329561843775564e-08
zone_29,zone_52,1.502398937752431e-261,0.001,2.9739115843633937e-29
zone_29,zone_53,42.71669294719972,158.30756959872832,2.716296192485602e-13
zone_29,zone_54,14.207012125527063,38.20703784257038,3.322756586265544e-17
zone_29,zone_56,51.811943290319334,162.64179440320007,3.1302717622551785e-10
zone_29,zone_7,55.14738406857443,0.013018301308748106,6.212263648337384e-20
zone_29,zone_9,40.43679778187629,121.29623946444522,9.472479091720147e-16
zone_3,zone_0,112.22320176055875,0.09955998348869631,2.0064402819434384e-16
zone_3,zone_1,254.49987744361266,2511.241683374806,0.001461576039788832
zone_3,zone_11,68.60288859730555,87.41712171887784,5.905872415367705e-11
zone_3,zone_12,55.993645643366825,4.540546449680628,2.1132226326816292e-14
zone_3,zone_13,106.35530403433845,0.0012461452841235018,2.2059671075381055e-20
zone_3,zone_15,55.440768882517915,0.33796922205546165,5.0652038113952696e-20
zone_3,zone_16,2.0700224149814906e-260,5.409737128367632,0.08075452023836029
zone_3,zone_17,56.72475303964189,0.0008994178503319114,1.8506122889540405e-20
zone_3,zone_19,27.283438207281577,25.043733517196856,0.0004443655031124562
zone_3,zone_20,103.4247355216773,319.265547959289,0.000127941018279123
zone_3,zone_23,7.676768702440418,64.57704927989393,0.09060896954270425
zone_3,zone_24,19.23471466969866,44.34604820438481,1.1591474655607027e-06
zone_3,zone_25,23.906149109339296,99.80404212246661,3.805858988222205e-09
zone_3,zone_29,116.51795796131903,986.7093520733422,0.0014193941541407631
zone_3,zone_3,3.977459403290275e-258,0.0,1500.7035074738892
zone_3,zone_30,93.10311211742383,0.0,4516.956525973987
zone_3,zone_31,120.41127252656203,295.72007558381785,1.0412695025892715e-09
zone_3,zone_36,14.031674153322712,45.16127071026442,1.8944577684402823e-10
zone_3,zone_37,235.3605640873463,331.833607092534,1.408084643785484e-07
zone_3,zone_38,65.57637083582007,83.30194751409952,1.0583307182880132e-10
zone_3,zone_4,100.9174635939746,2.0818520871501995,3.2275821960102606e-11
zone_3,zone_42,197.64193210393805,343.2846032051934,0.04573495633127213
zone_3,zone_43,36.05421120989994,169.73114285926934,1.2393397146609305e-05
zone_3,zone_46,56.981919950209345,235.4574466475197,0.0003311539275603557
zone_3,zone_48,431.7046039708281,22.192995236907166,1.1449559146014263e-08
zone_3,zone_49,199.66962586987503,7088.40629451908,11.410598972736324
zone_3,zone_5,55.01454617782399,1.932387649629744,1.2981402080048962e-15
zone_3,zone_51,237.19941591938806,708.240830864393,0.013174681644151346
zone_3,zone_53,116.50420215390885,514.7160632605405,0.16857272032837486
zone_3,zone_54,84.87934492199643,238.87941054490665,2.430020854641505e-05
zone_3,zone_55,33.410868411038535,81.54032677269598,1.948570402503143e-09
zone_3,zone_56,67.62658333135985,338.08903783936506,33.8384563389539
zone_3,zone_57,10.37380773845545,65.73069239357272,0.005677916920755049
zone_3,zone_6,45.899452044930776,132.39067849811875,2.973609387544558e-07
zone_3,zone_9,468.79712541791065,1420.2672294583865,0.0030392390660563297
zone_30,zone_0,52.79677684123047,0.051024513779137366,8.609612555349535e-17
zone_30,zone_1,41.64215549749524,232.90116252269746,0.00013689364435600263
zone_30,zone_13,50.76827981560787,0.0006480446686746481,9.604282856487996e-21
zone_30,zone_16,2.002612283522137e-260,5.122963918306941,0.10846963896357271
zone_30,zone_19,34.95143021064469,15.048929082818674,3.4596796963098715e-06
zone_30,zone_20,24.753728576092712,125.6093075333183,0.1246121958883621
zone_30,zone_22,34.74638813760027,23.772432423897786,6.811387493664185e-12
zone_30,zone_24,8.282548770322857e-264,0.0009999999734908592,2.6509140857457567e-11
zone_30,zone_25,11.372876213210638,45.35078389127989,4.22800305571181e-09
zone_30,zone_29,182.74473036908094,86.40175822352086,9.76642421504285e-10
zone_30,zone_3,106.86509471714771,0.0,4425.060885712275
zone_30,zone_31,46.309663085698,9.5846602483191,8.9321699275516e-09
zone_30,zone_36,26.714984878521168,85.53197337503404,7.627324232849165e-09
zone_30,zone_37,21.605146244451383,32.47739292119994,1.397658417189483e-08
zone_30,zone_38,20.743449657680102,26.412529630194186,7.146044687739373e-10
zone_30,zone_43,87.16333933009822,388.8656250856726,0.0006155376551676508
zone_30,zone_46,27.025335249115194,111.8730146418637,0.004066641760433163
zone_30,zone_47,49.990484698260055,4.468760358025302,1.8702398109449653e-14
zone_30,zone_49,127.83076920906588,88.99900855349816,0.007799924485596432
zone_30,zone_5,51.65131483901373,1.8879130589538051,2.7004982474340593e-14
zone_30,zone_51,155.0232558307735,222.75454793562338,0.1920492965613968
zone_30,zone_53,64.55841633484003,0.0,2490.1387299413996
zone_30,zone_54,63.55837172206977,294.3833656475904,0.02760453323494793
zone_30,zone_55,31.71585212340808,77.23650344660444,3.948348187747296e-08
zone_30,zone_56,27.11773113087547,119.1687969850995,12.148643357854395
zone_30,zone_6,72.99717043102535,209.36209086925479,1.009469418113075e-05
zone_30,zone_9,192.89726490415953,1046.0053703890585,5.541273032723288
zone_31,zone_11,2858.9276105702825,0.0,39659.752839886736
zone_31,zone_20,10.616728175319105,40.0980646920503,1.3883631979953035e-11
zone_31,zone_25,17.10430297755383,39.87885832699012,4.309752589913156e-21
zone_31,zone_29,2881.287778740354,554.6581029946226,0.008287168483404349
zone_31,zone_3,24.950966682118796,92.30963177517829,1.0610147863204771e-10
zone_31,zone_30,21.022996140012797,82.9607625329851,1.488389189909048e-09
zone_31,zone_31,1.607218595216471e-257,0.0,6064.068387783845
zone_31,zone_36,8.98296295917224e-264,0.0010000000000000002,8.934977139958874e-26
zone_31,zone_4,98.98123957683083,0.07810206146597705,1.2854559411898455e-11
zone_31,zone_43,39.99307810586986,104.32139147362837,1.914201159743658e-16
zone_31,zone_49,80.13424914722093,30.15826670532527,2.7485281089253833e-12
zone_31,zone_51,693.124387405832,4466.939284765382,0.032115432989942704
zone_31,zone_52,48.44056338163816,0.6133233428148451,2.8119065108485648e-27
zone_31,zone_53,8.804592472346464,45.428171694675825,3.6144051761755898e-09
zone_31,zone_54,46.606049672293764,160.45203890514603,1.447855846020104e-12
zone_31,zone_9,113.24660672131903,419.77401015634956,7.761258203358236e-10
zone_32,zone_13,816.6659155274804,0.0,8953.043542729307
zone_32,zone_17,319.4033633900403,0.0,238.71349629277336
zone_32,zone_19,51.58520931431754,103.34124120947878,1.4899473578578108e-13
zone_32,zone_32,2.5305924372154053e-260,0.0,9.547976638993498
zone_32,zone_36,1.4531574385655828e-263,0.001,1.557479986059735e-30
zone_32,zone_7,24.974706443549522,152.07511874619098,0.22893628681377176
zone_33,zone_10,494.25671847391425,7984.935120541654,2031.1419978014787
zone_33,zone_12,45.72938498447378,0.0,85.29969333984509
zone_33,zone_24,49.30374519902445,20.199942215114078,9.059998470327224e-10
zone_33,zone_33,8.532014837661134e-259,0.0,321.9146519033092
zone_33,zone_35,80.29902754371177,40.406577250641945,0.012477430928862679
zone_33,zone_38,26.3970531526536,134.2257259066659,1.221712029284518
zone_33,zone_40,196.8805079178004,0.0,638.4964279868848
zone_33,zone_44,77.52151653658035,36.896982696462345,1.4787589521517778e-06
zone_33,zone_5,334.01720148512624,0.0,36.95805554206185
zone_33,zone_52,54.095453080028605,0.0,0.9377345486185134
zone_33,zone_55,40.54775131885016,209.3439163681907,0.10043576702863644
zone_35,zone_0,981.8682738421383,4.774146929775383,3.808907526904089e-10
zone_35,zone_1,10.657275305050424,36.77179618623799,1.971267511165203e-15
zone_35,zone_10,85.16603544041095,422.76247328838224,0.003379131377730915
zone_35,zone_12,225.86387981413046,2255.985653526866,0.21823922775849322
zone_35,zone_13,46.70002913976513,0.0009613964681047232,6.363944620848889e-22
zone_35,zone_15,1108.8847451024383,4534.524006399806,0.26169166489817797
zone_35,zone_22,79.43938906998993,559.4669392522467,0.000805689915062367
zone_35,zone_24,3.668011758106348e-260,9.347344141727094,2.4836880014723082e-11
zone_35,zone_25,30.79171151166805,125.67221048409148,1.4753577488685957e-10
zone_35,zone_29,30.88107738471452,19.012503403444015,8.140577368030216e-29
zone_35,zone_33,8.162294515428433,151.49622866457926,0.004390179828018332
zone_35,zone_35,11.673053414712115,0.0,25927.899023001482
zone_35,zone_36,7.589149083442479e-264,0.0009999999999973236,2.676421609382751e-15
zone_35,zone_37,4.18067375171636e-260,9.238259906628205,5.280707601432093e-09
zone_35,zone_40,8.189392782677572,31.043505093982336,0.00032678219951480736
zone_35,zone_41,174.99100498899728,2.2943504709649267,1.3586833282860907e-09
zone_35,zone_44,35.440914128977134,150.19054397674955,6.279264908059732e-11
zone_35,zone_46,11.278916900671915,31.518021959521572,5.323715409008254e-15
zone_35,zone_47,209.8885196467753,1232.0813650384994,0.02566867093251815
zone_35,zone_5,2616.9309020250084,14324.48941991889,7.4794506378232235
zone_35,zone_52,130.691448104128,1970.4663911359958,24.39292116668007
zone_35,zone_55,11.138080529239502,39.48076677228886,5.991823874340724e-07
zone_35,zone_57,12.979664302873697,41.41645931742211,5.1004203419765305e-14
zone_36,zone_1,43.011154325394735,12.669303337289216,1.0469293367304044e-08
zone_36,zone_10,246.9920742606528,274.37696468130207,0.0019555322743130582
zone_36,zone_12,49.783614561296545,12.571493449034657,3.3572436423167483e-06
zone_36,zone_20,908.6669627288381,343.83858376545,5.1666688271450714e-05
zone_36,zone_25,220.84699424916687,146.52173338471016,3.58188773806295e-06
zone_36,zone_3,44.853417966354684,18.196492281849196,3.969720007010038e-10
zone_36,zone_30,70.18120744997692,41.64136202968541,5.846188533702588e-08
zone_36,zone_31,1.0751481450392459e-261,0.0010000000000000002,7.336010474304821e-23
zone_36,zone_32,1.061692485475293e-257,0.001,1.0693210022360297e-24
zone_36,zone_35,7.781998619185884e-262,0.0009999999997649047,2.350952114396706e-13
zone_36,zone_36,1.5146106376578655e-257,0.0,5714.656683887568
zone_36,zone_37,92.11384942577438,24.819286060850352,1.3898109101206982e-10
zone_36,zone_38,246.16332393165845,774.3955329944831,0.05652496596749737
zone_36,zone_4,1.2625973153594566e-259,0.001,6.053576271137046e-29
zone_36,zone_42,3.070802124166056e-262,0.0009999999999999198,8.006766317049879e-17
zone_36,zone_43,473.8940548101056,405.0630287374421,0.13044738483787963
zone_36,zone_44,142.160210352712,75.76592323519063,1.5631163908941824e-07
zone_36,zone_46,2179.204574608445,634.6830497921466,0.6489593445983909
zone_36,zone_48,116.0569352494558,0.9139796343322174,3.4373596486334274e-14
zone_36,zone_49,55.68488237713461,3.0088071423777256,1.4351634384057654e-13
zone_36,zone_51,45.43022793873957,5.800879497992643,3.899122522234963e-13
zone_36,zone_53,67.18810849132126,39.646229527091265,5.663010117668412e-08
zone_36,zone_54,779.6280768422289,275.99002297530444,8.530628870911369e-05
zone_36,zone_55,307.3551158767891,5072.384410789949,5.8927795087462105
zone_36,zone_56,87.72434814637231,27.154348587045494,1.2848034288849863e-06
zone_36,zone_57,38.95778961981081,24.901718509950925,8.185567186939726e-05
zone_36,zone_6,121.00155864688516,4734.264066046604,112.664781385742
zone_36,zone_9,814.1513193000283,331.7965757225215,1.6441221482922878e-07
zone_37,zone_0,688.4724283548936,1.87616931292818,3.5668613968942444e-09
zone_37,zone_1,472.9492834052988,6587.969009820744,28.33561660636766
zone_37,zone_12,388.8320023168361,34.77755385127447,1.1565097551548714e-07
zone_37,zone_13,326.7794744859645,0.01175625338618693,1.110940198446145e-15
zone_37,zone_15,147.24453113915555,0.0,0.0002935107631850699
zone_37,zone_19,83.11140208986966,100.95302499219677,1.1910988713148742e-05
zone_37,zone_20,15.04523795761587,31.261173647146812,6.6147026456178945e-15
zone_37,zone_21,314.1666691716708,21.64199754289128,1.0062036557388164e-05
zone_37,zone_22,554.9725454281357,0.0,315.38099191057813
zone_37,zone_23,23.035830047231105,23.376894618267137,3.3109376565282284e-11
zone_37,zone_24,161.9542320579217,630.3670232254569,1.1387494127060094
zone_37,zone_25,84.99137207262385,441.24242845656903,7.162286238145329e-05
zone_37,zone_29,285.44316897668375,263.34280493304874,3.823899014843345e-13
zone_37,zone_3,199.08255187981118,337.6751243380155,1.9613567379732295e-07
zone_37,zone_33,88.01583398490635,14.931045879910615,7.447980407802438e-09
zone_37,zone_35,141.7249763395092,5.2232190979274975,3.590429035162508e-07
zone_37,zone_36,11.285628596648406,40.70655856068453,7.333760900939248e-12
zone_37,zone_37,5.926340502628623,0.0,14642.950615434465
zone_37,zone_38,32.23171182628733,54.890589568599665,1.2395598315466224e-08
zone_37,zone_42,306.2723210848584,428.9567178854266,0.0024422493512800954
zone_37,zone_43,357.51432823493894,1271.5905858981644,0.00024462812091739924
zone_37,zone_44,247.0052563046704,1525.2399121229,0.049433339501148796
zone_37,zone_45,160.89179536724274,2.796673881357929,9.500227050310227e-08
zone_37,zone_46,40.23313867575632,88.11576990252168,6.263310593609032e-13
zone_37,zone_47,653.94199154846,0.0,523.6127603122354
zone_37,zone_48,2022.1977399337422,319.196046374163,0.000879066515843608
zone_37,zone_49,288.95016529665367,364.7697628363864,4.382845174799798e-06
zone_37,zone_5,144.12296030611765,5.6010562916313535,4.096380582449889e-09
zone_37,zone_50,49.76066386156331,75.78856487294799,0.00010458630139849514
zone_37,zone_51,53.971445004896744,33.459754682109185,6.587770825374294e-14
zone_37,zone_52,86.91306307539514,2.928003987256291,6.363980408363081e-06
zone_37,zone_53,24.057203433880133,66.30975550394123,3.1110351652761256e-11
zone_37,zone_54,16.777031828073717,30.672428018944675,1.3349778023941567e-14
zone_37,zone_55,43.57072377669403,208.9423705909413,1.2564882244437394e-10
zone_37,zone_56,129.13180950940708,409.3011404443298,2.8766566365930678e-05
zone_37,zone_57,13.454934048380284,40.88562425825149,6.054215366245937e-10
zone_37,zone_6,10.15880991126554,42.501045506995894,3.0749634060981535e-09
zone_37,zone_7,49.8638594594038,0.05300316384308493,4.764705748555903e-12
zone_37,zone_9,31.94471000815568,65.63465104376266,1.606859868090391e-14
zone_38,zone_1,34.71639350219951,13.148909318213736,8.55617765044681e-10
zone_38,zone_10,1208.4915037222477,0.0,897.4843182481715
zone_38,zone_16,25.95118628787669,23.079657478980995,3.6079694393788116e-06
zone_38,zone_20,29.714747057423722,17.065355748669838,8.202653170064114e-11
zone_38,zone_24,74.46431296039566,39.235114900166685,5.8489267180934997e-08
zone_38,zone_25,320.40765121284,255.92019593889944,1.0725816765370795
zone_38,zone_3,34.72774726724647,19.166948913945156,3.285742715672368e-11
zone_38,zone_30,52.633165893733064,43.237566238806046,4.769989073727312e-09
zone_38,zone_33,251.95177649577465,0.0,6.672378531490132
zone_38,zone_36,146.96989803610634,767.2120009605119,0.030818797979046707
zone_38,zone_37,75.56993368185732,24.880019567245714,7.46813905507545e-09
zone_38,zone_38,9.71656875832586e-258,0.0,3666.081118054509
zone_38,zone_40,39.59599113138596,0.0,0.44717399297246113
zone_38,zone_43,233.58922747400226,254.78091048877423,0.0065105225337708135
zone_38,zone_44,653.7978817927601,419.49858253522206,0.148376043604517
zone_38,zone_46,400.18746134533427,160.27775461747876,5.59347346089906e-06
zone_38,zone_48,49.777011718109364,0.49958887180380934,1.492765594820971e-15
zone_38,zone_5,150.85229550067726,0.0,0.06194595440007685
zone_38,zone_51,37.37792848578114,6.6078248577850704,3.4901420624432264e-14
zone_38,zone_54,30.970838008793724,16.639961059679745,1.6452161275264967e-10
zone_38,zone_55,330.0145088543105,8155.164718361753,1773.7719115099965
zone_38,zone_6,137.98098654524904,837.1277402238813,2.245350608855186
zone_38,zone_9,30.37215688193173,18.609980479374197,3.216740011295124e-13
zone_39,zone_17,315.2114627599862,0.0,2.2434226974012555e-09
zone_39,zone_19,1014.2709740390007,395.12132026673044,1.5169191445078883e-09
zone_39,zone_21,50.11890971833172,0.5257637986390229,6.523988058459507e-17
zone_39,zone_29,24.10132530708205,138.88918396019437,1.2219765438992822e-06
zone_39,zone_31,16.479114885468242,38.45215524053111,1.0866651121491264e-13
zone_39,zone_39,6.280602574475136,0.0,67.0795227455148
zone_39,zone_4,1106.0550385903146,0.0,15369.035624887993
zone_4,zone_0,48.609350945800934,0.023108109661196245,4.255554010749701e-29
zone_4,zone_1,12.750845740408884,34.026251454990174,4.9535231051564085e-21
zone_4,zone_11,86.04069044811409,94.143257342706,5.2355783229152127e-14
zone_4,zone_13,92.15107132881444,0.00057836114820904,9.1022307473571e-25
zone_4,zone_17,196.30915578755526,0.0,1.013944862114233e-12
zone_4,zone_19,153.26478327065033,73.60735251748248,1.6634719690756258e-13
zone_4,zone_23,14.558128048644734,73.36531624244878,2.3869298542150453e-09
zone_4,zone_29,1269.3357747394289,6903.575557696923,6.229650915894533e-05
zone_4,zone_30,12.795069316165295,34.165226211223064,2.181365210445375e-19
zone_4,zone_31,375.72317797399165,809.0836963280408,2.3451124504598317e-12
zone_4,zone_36,1.021613837545579e-263,0.001,3.2774030538090164e-34
zone_4,zone_39,783.360731599649,0.0,13537.822128100008
zone_4,zone_4,26.66467751231068,0.0,7241.993326040576
zone_4,zone_42,19.485587640171577,23.2572635619309,3.382250990611029e-16
zone_4,zone_43,60.04211649102397,157.10898383963902,9.276630721917736e-25
zone_4,zone_48,95.62361438707457,2.633198461199938,1.5182582541111462e-22
zone_4,zone_49,95.21315829394668,400.66277698847404,7.040315139640923e-14
zone_4,zone_51,55.35866966489909,159.83734273708194,3.909499897529928e-17
zone_4,zone_9,31.824819637392697,64.43169557722756,3.7979395687883526e-24
zone_40,zone_10,309.87933277886754,1603.346795863475,226.2011555323442
zone_40,zone_33,168.61005904306623,0.0,903.5923977565069
zone_40,zone_35,37.27519115884716,13.224065838074763,0.0015028148126294701
zone_40,zone_37,41.714371092644356,10.202854479333169,1.214911311459282e-09
zone_40,zone_38,18.45200821847714,71.0049258653117,0.3653817418837014
zone_40,zone_40,4.878752955417117,0.0,2525.229666865528
zone_40,zone_5,100.72081043208398,0.0,2.8915465715847954
zone_40,zone_52,45.971664535317,0.0,0.20676645520657383
zone_41,zone_0,985.9812817598165,0.0,13290.842371383704
zone_41,zone_1,35.544858567593344,101.42482313540701,5.54721969734659e-11
zone_41,zone_12,11.341515709676628,39.891920270480206,5.927517098122163e-13
zone_41,zone_13,869.5816413612616,30.679557343078013,6.529958145693655e-05
zone_41,zone_15,52.31151633081471,231.70030207826775,0.03683579169966214
zone_41,zone_28,1.0975275046588984e-258,0.0,256.25024547779935
zone_41,zone_29,16.41179156935181,31.624777636517923,4.222248017556592e-23
zone_41,zone_35,8.742730764956468,38.48603456452743,2.0406901697800007e-10
zone_41,zone_41,1.2708859699307218e-260,0.0,4.79507856471565
zone_41,zone_42,11.427278749225366,30.38608984885879,9.837098119712288e-13
zone_41,zone_47,58.08661321230011,186.36593732243747,0.0001638614171336766
zone_41,zone_48,10.022207473563702,38.03768938122297,0.00016719512722828328
zone_41,zone_5,32.75410121059608,111.70197091874472,8.965062623084846e-12
zone_41,zone_52,16.530718712616576,68.70635985311426,3.9132272479810164e-10
zone_41,zone_7,134.96523829436964,105.89879089007808,0.0019044137886582847
zone_42,zone_0,307.16521009404215,0.8014540146350102,1.0400091293031531e-09
zone_42,zone_1,229.84975590370803,878.390554371621,1.0264788280285027
zone_42,zone_12,44.19125305063465,3.1033240791154957,5.856539263971451e-18
zone_42,zone_13,125.01108443219894,0.0,4.910321686032303e-14
zone_42,zone_19,3.2591546936571226e-260,9.953527924389691,0.8162094699416469
zone_42,zone_20,9.763785399117886,31.572135865914337,5.765479008589029e-12
zone_42,zone_21,42.82418125253997,0.0,0.00015846755682647355
zone_42,zone_22,90.65610770684532,55.325993756797054,5.087472775040656e-10
zone_42,zone_23,6.041223323703893,37.2114752921353,6.482952170344935e-05
zone_42,zone_29,53.30971961154798,274.25650250232326,2.888823565716313e-07
zone_42,zone_3,106.04988626722577,694.7646320877079,0.5155514601101746
zone_42,zone_31,13.133430396617486,33.31558802471625,6.254198111217261e-15
zone_42,zone_36,6.597250238350792e-264,0.0009999999999999987,1.43209091735136e-18
zone_42,zone_37,257.3226340671538,320.9541400356702,0.005450650544708757
zone_42,zone_42,4.599246118754944,0.0,1323.7841446459422
zone_42,zone_43,74.46760065959809,318.3406145585773,3.4561435688197465e-07
zone_42,zone_44,10.009617988935736,31.556320588789298,8.464917788916571e-12
zone_42,zone_45,36.5779248064165,0.0,2.495425795622926e-06
zone_42,zone_47,41.933950369188,3.322496538730859,1.2697391013830038e-10
zone_42,zone_48,712.3613466836205,0.0,0.0357786519892676
zone_42,zone_49,41.25021493827268,1364.4278520674238,12.150005225691611
zone_42,zone_50,9.040969435559748e-258,0.0,3082.0961819518134
zone_42,zone_51,9.264659776834035,29.821349064575394,4.787841343200272e-11
zone_42,zone_53,7.441995122743287,33.315159644489455,2.162465649668873e-08
zone_42,zone_54,33.0075171530584,93.91455219004395,3.5276782595240904e-11
zone_42,zone_55,27.265809810272962,62.878669029035386,4.86042112735215e-13
zone_42,zone_56,17.902465172329226,69.48420044328878,4.94248470603794e-05
zone_42,zone_7,89.26415945611951,0.0,9.85491370711454e-10
zone_42,zone_9,10.475575170269872,33.24460049699789,2.2446764829514238e-11
zone_43,zone_0,48.68198162396942,0.06558715285109944,2.7280934224036873e-16
zone_43,zone_1,433.5578578452453,1156.1434166903985,0.029176348480342375
zone_43,zone_10,107.00259532253357,68.36425925745364,3.217287463991726e-05
zone_43,zone_12,233.42844841325964,27.93964759063715,4.926747720043684e-07
zone_43,zone_13,46.158424787684474,0.0008209755275047076,3.000808393267583e-20
zone_43,zone_15,48.026539903692516,0.43214256285355124,3.898028717399118e-15
zone_43,zone_16,26.735184874393607,908.5054605223155,0.8031579668952393
zone_43,zone_20,42.76774265674831,186.25591543301752,2.2102343331912244e-06
zone_43,zone_22,24.837598894473345,29.088023630552616,2.2274894629862764e-08
zone_43,zone_24,110.39389964203033,486.58816181619994,0.03444999576420219
zone_43,zone_25,226.06819509983276,6673.383528911709,30.937515736729765
zone_43,zone_29,69.35222482278824,29.314041276957553,2.105969954907679e-16
zone_43,zone_3,96.96709417575357,390.25762337146983,6.99224615861577e-06
zone_43,zone_30,34.61249855926028,313.4946881353506,0.00019558093258826952
zone_43,zone_31,86.23322459484416,16.71606343262967,4.998749583743139e-16
zone_43,zone_35,143.30276220393773,1.7092909082013221,2.6534879746475208e-11
zone_43,zone_36,200.2022555413653,776.0055621947686,0.015045470807828604
zone_43,zone_37,508.9595733462699,1310.5556665206266,0.00020786447444918877
zone_43,zone_38,121.63415399250532,221.35953095632104,0.0010606841653818377
zone_43,zone_4,44.668291962707606,0.07287019398427713,5.64206800950248e-24
zone_43,zone_42,129.45413237720655,83.78365247422134,1.9001146351854087e-07
zone_43,zone_43,3.423055305449427e-258,0.0,1291.5257158666625
zone_43,zone_44,84.49456339375394,3751.8340065885113,0.01699996085059426
zone_43,zone_46,110.1666569091165,354.94209414576835,0.000201595546088396
zone_43,zone_47,217.29818070736428,33.25036818179865,3.719171182375987e-10
zone_43,zone_48,228.19099483784575,17.807274293852352,1.8969155364645307e-08
zone_43,zone_49,31.522965369683135,17.874818646254994,1.092906759391576e-09
zone_43,zone_5,187.53329252028328,9.72283373755606,2.4746995409006526e-08
zone_43,zone_51,57.74164700150242,71.9754901593263,2.1498414586338248e-09
zone_43,zone_53,46.55514143847573,2480.364716293885,0.0015743792713392355
zone_43,zone_54,48.37476191450063,185.3653640190235,4.524686401496499e-06
zone_43,zone_55,99.39630332701684,399.0509938868948,0.0313224044665839
zone_43,zone_56,93.55444009404901,294.8637832662594,0.017991411687865954
zone_43,zone_57,60.86888929832995,1844.5117981506564,1.5478466036918979
zone_43,zone_6,96.86365335008259,418.0546587981383,3.3907345079159392
zone_43,zone_9,144.9520607095519,730.6910718677403,7.142403266846203e-08
zone_44,zone_0,89.92970961877849,0.16994924666228983,1.216181882951195e-16
zone_44,zone_1,161.71758624334933,574.0486333355965,1.7232633015501795e-06
zone_44,zone_10,98.5552630224631,63.82987920617649,6.108236414888727e-05
zone_44,zone_12,737.0739029172906,84.93910191795104,3.0456369029003515e-06
zone_44,zone_15,88.96996371374868,0.7708008818663958,7.727651252829435e-11
zone_44,zone_16,2.0777395263871816e-260,5.4599583088404104,2.6598514612791894e-10
zone_44,zone_22,302.02166621981763,443.41934021409605,0.042739977220540154
zone_44,zone_23,23.079007182622274,16.046367020390182,9.541807383858613e-19
zone_44,zone_24,55.06109919770193,3458.0077822443927,0.4765114312517546
zone_44,zone_25,306.05195614573853,6894.774668554719,765.6610171433761
zone_44,zone_29,55.93622421203341,35.35668931517187,2.1554913941392816e-21
zone_44,zone_3,12.414665473950008,36.72007845080778,2.859543718935949e-12
zone_44,zone_30,23.538507387646025,106.96404243445399,5.6701895893165176e-12
zone_44,zone_33,38.565222026410396,8.429170869671163,8.173627869469487e-07
zone_44,zone_35,221.20896873261293,2.540421219989099,8.54570886478889e-11
zone_44,zone_36,35.1296520275006,159.91677509122943,5.474928603888878e-08
zone_44,zone_37,499.70304434103963,1731.0200024035096,0.04802954896216638
zone_44,zone_38,289.1444292803244,584.9816024031222,0.13435588657588984
zone_44,zone_4,41.327318777632726,0.10082058225651146,6.62426310430131e-29
zone_44,zone_41,40.49013820668165,0.06973621829050995,1.0959731563842745e-15
zone_44,zone_42,20.36582062595902,19.228273391097826,4.733433850074149e-12
zone_44,zone_43,74.33522918869106,1972.1195368913952,0.009064994283284888
zone_44,zone_44,7.355889739262061e-258,0.0,2775.3921317638
zone_44,zone_45,37.24672294945286,0.4582444863030664,8.754199114253009e-16
zone_44,zone_46,9.741394909446456,29.41251203483036,1.0129724967633662e-12
zone_44,zone_47,467.0779656631108,89.64626614634123,8.568544046312531e-05
zone_44,zone_48,122.93063693619052,13.733943791687617,2.1270931742641774e-12
zone_44,zone_49,49.93699262973336,42.27690905445798,2.1970493085944013e-14
zone_44,zone_5,391.341921625841,19.534412007694975,1.0110229701298673e-07
zone_44,zone_52,39.37356974735556,1.1244370857052983,5.7790016191355134e-08
zone_44,zone_53,7.378230216825545,34.42994842320821,1.2049460726117482e-12
zone_44,zone_55,75.82778659844453,499.17982265747344,0.0003053716804896615
zone_44,zone_56,47.266449366012445,236.31069914314955,3.181996279348609e-08
zone_44,zone_57,3.6061591953279165e-260,9.442833970819164,4.3640993860345157e-10
zone_44,zone_6,86.46309595939584,440.4192757756124,1.0096510577708196e-05
zone_45,zone_0,154.8274798588463,351.97776021228196,0.18752586777342328
zone_45,zone_1,25.479693644137065,120.216385785134,1.603278167204775e-05
zone_45,zone_13,526.4767642327378,0.0,0.00018630067151539893
zone_45,zone_17,51.459464706438645,0.0,2.8213349341495553e-05
zone_45,zone_19,96.07157703406354,329.84374612259825,1.950055044483261e-07
zone_45,zone_20,15.841541477993154,31.56214646873692,1.4803634195480964e-18
zone_45,zone_21,71.08856106979792,0.0,626.9012053444446
zone_45,zone_29,23.266164562585345,79.95296700970961,1.364645052534098e-16
zone_45,zone_37,84.6518046742715,68.60815294523343,2.40820223764372e-07
zone_45,zone_42,7.865808127054306,41.30081622207722,3.097805174060926e-07
zone_45,zone_43,12.733900995900585,32.852276101409345,8.426104388603791e-12
zone_45,zone_44,16.581298810289766,31.422694573779502,1.994766899163227e-15
zone_45,zone_46,13.120624778255708,31.14822497475894,4.3415567425194035e-17
zone_45,zone_48,59.68824955596631,0.0,3496.940808950176
zone_45,zone_49,9.804167244328202,41.74166099156648,1.1611246190596104e-10
zone_45,zone_50,56.8014565714852,244.6896646892642,0.007043720327113541
zone_45,zone_54,17.762804841263417,31.140335105304345,3.004286812918899e-18
zone_45,zone_7,51.17743376853469,0.0,0.5090119759702257
zone_45,zone_9,16.860063571792118,32.96748212117912,5.7172715882823496e-18
zone_46,zone_1,216.00829182494343,68.0851974426723,2.1712277201120126e-09
zone_46,zone_10,102.35968295433116,75.19085057072586,6.661768075334662e-08
zone_46,zone_13,46.619483307813475,5.9655797043143444e-05,2.6559455905247375e-26
zone_46,zone_16,189.5757957486001,0.0,7.279615540399871
zone_46,zone_19,44.08512883502548,1.84958058953713,1.3141419524183706e-11
zone_46,zone_20,1358.2259132996062,0.0,32.87252573467973
zone_46,zone_24,42.98986430484904,13.54554985073937,2.4814352627625027e-10
zone_46,zone_25,68.04796245184232,35.90777105781756,5.458413351021699e-09
zone_46,zone_29,97.00530690837635,2.83088028732053,1.56122479631689e-15
zone_46,zone_3,150.8075556200115,64.02131699689835,0.00011190453358897084
zone_46,zone_30,115.57563786736442,74.70380518743963,0.008071951202615321
zone_46,zone_35,48.09061114139604,0.7869463490234128,2.2998318220497544e-14
zone_46,zone_36,415.3612713944841,3153.1791360445386,0.37849903880451924
zone_46,zone_37,165.8774053182377,33.22788511800763,1.3636706447905754e-12
zone_46,zone_38,211.5634161592649,440.10013144765264,3.993338629983905e-06
zone_46,zone_40,32.84506413020411,6.976718016480503,3.2689510402504666e-10
zone_46,zone_42,82.49143681891289,3.7246590334691354,3.493710969544021e-10
zone_46,zone_43,218.71152565532967,133.00979872010373,0.0003332565930236637
zone_46,zone_44,97.13212891713268,41.96213605355164,8.77919657929712e-12
zone_46,zone_46,10.201078133072263,0.0,12992.24341438875
zone_46,zone_48,49.57498467608985,0.27833479417311424,3.611407637827203e-15
zone_46,zone_49,96.80478637252605,3.977463123837819,1.7788160984748707e-08
zone_46,zone_51,115.63522331657228,15.446694381106628,4.1525049262132466e-07
zone_46,zone_53,413.81116303729505,267.66961900040377,0.029242693522667406
zone_46,zone_54,1718.2846119467943,0.0,80.0283482234198
zone_46,zone_55,172.9000730228218,634.2727619748863,9.159911220960648e-05
zone_46,zone_56,156.84765463192758,39.959317301215286,0.0016914101712266188
zone_46,zone_57,118.66312013157115,0.0,401.16484557437633
zone_46,zone_6,90.34288055703625,380.5715032522657,0.0011524920091632927
zone_46,zone_9,1743.3717716610129,743.475607119171,0.14985599921099035
zone_47,zone_0,2312.452655982149,0.0,0.00011155696603968167
zone_47,zone_1,47.89518460056432,110.83696489897392,8.962094894076084e-08
zone_47,zone_10,28.482455221221073,21.158866216754976,5.716464958707997e-08
zone_47,zone_12,62.26357587973248,55.84265258221311,1.8478542918528222e-06
zone_47,zone_13,260.6996554735642,0.0036414539952694296,4.418006396266706e-16
zone_47,zone_15,1907.0804404782277,0.0,119.61673857705533
zone_47,zone_22,102.22986631172282,0.0,5529.308676442359
zone_47,zone_24,40.9261068230232,147.93977408364717,9.934681618873667e-05
zone_47,zone_25,20.74549232607242,95.55608112642444,2.9440135308653434e-08
zone_47,zone_35,617.6432992547299,693.2852045197151,0.05317646214729443
zone_47,zone_37,229.62540701308765,3078.079860624962,359.2008312102213
zone_47,zone_41,346.3111586472344,0.0,0.000334384123723891
zone_47,zone_42,59.765967931016924,36.702871863045154,4.065032422130417e-11
zone_47,zone_43,66.69598608610691,228.2910043854942,4.09995048369383e-10
zone_47,zone_44,97.64632508717663,477.22442827980814,2.9358690180506712e-05
zone_47,zone_45,45.75819261964407,0.3441892002272839,1.0330854480636596e-11
zone_47,zone_46,15.388912298048078,32.43863175823504,2.1522560898875998e-18
zone_47,zone_47,1.3267206119302752e-257,0.0,5005.743802475121
zone_47,zone_48,52.037045405936354,3.6077297036078853,8.542135227860154e-11
zone_47,zone_5,566.5001494833969,492.62144627418485,8.804802459616675e-05
zone_47,zone_50,28.227254093094004,18.33589589974317,1.4287158544498471e-11
zone_47,zone_52,96.26798870027086,102.02467940396323,0.0012940682392977945
zone_47,zone_55,10.657622044054836,45.87398338200218,2.5453547713749706e-11
zone_47,zone_56,26.968925591963227,82.25618709020401,5.3973977203426535e-11
zone_47,zone_9,18.301718652796303,36.19460045138517,2.455823408743758e-20
zone_48,zone_0,1397.886784939723,1477.7771647336522,0.14700818265833604
zone_48,zone_1,173.25029758336726,2246.7987978740534,0.030771396551235897
zone_48,zone_13,2079.3424075139546,0.0,6.404715911132179e-05
zone_48,zone_19,222.70260408222805,850.2900949106674,5.505138188745682e-05
zone_48,zone_21,216.27563306301906,0.0,5573.431961484162
zone_48,zone_24,24.936565334860887,34.31961128290814,4.955580416604694e-08
zone_48,zone_25,32.24734563426594,78.40482058482027,9.214686510668779e-12
zone_48,zone_29,46.52617411124695,165.2272377469832,5.648810002021867e-15
zone_48,zone_3,95.16305299778999,360.1932945160928,8.682632959471384e-09
zone_48,zone_36,75.07925235971173,145.4296390291133,5.3262816017161006e-15
zone_48,zone_37,520.4040668479422,482.60540585768234,0.0001732818969966511
zone_48,zone_38,26.204797331394566,19.789336760660902,2.1571419281024368e-16
zone_48,zone_42,69.33417840290372,464.90889078340774,0.00038173348392843854
zone_48,zone_43,60.84589935808175,172.61426252692937,4.712511884375672e-09
zone_48,zone_44,15.959275098321204,33.23142637407165,2.247204240317789e-13
zone_48,zone_45,47.049642602797306,0.0,3160.6139694568733
zone_48,zone_46,25.472394186312055,65.25154507613476,9.865441144720388e-15
zone_48,zone_48,9.411433138690034e-258,0.0,3550.952829312228
zone_48,zone_49,38.46595664370196,180.00450705408784,5.483208646944518e-08
zone_48,zone_50,69.19580942992081,336.0112624682439,0.022910171729397917
zone_48,zone_51,14.064713881679348,32.189868838183095,1.3463274188183558e-15
zone_48,zone_53,12.04056826012973,35.89995003261145,6.4806166809858e-13
zone_48,zone_56,42.82214880814174,112.37632213465982,2.7709437460895983e-09
zone_48,zone_7,423.4222738993846,0.0,0.3665741564589037
zone_48,zone_9,49.52577815531413,105.64176223054459,1.965697569470666e-15
zone_49,zone_0,260.7946014747949,0.2096046731954081,2.6257466189619317e-13
zone_49,zone_1,142.81706195093787,917.5276196927706,0.0007246795543549041
zone_49,zone_12,51.5206935416317,4.187543879577768,8.465545984172183e-18
zone_49,zone_13,148.1618080595997,0.0015704425351260975,1.7305604847609145e-17
zone_49,zone_16,8.304100886565706,54.854952207274664,0.00034449721728448525
zone_49,zone_19,76.36290945321784,20.036309928677056,0.8810526803986439
zone_49,zone_22,67.87549760947276,46.92253829117669,2.5100807608855354e-13
zone_49,zone_23,6.74672993769705,81.37677697554523,0.05769651649855438
zone_49,zone_25,10.822091321643748,44.316720281194065,5.454403050642502e-12
zone_49,zone_29,239.4535574381628,2407.6591870010993,0.0017501081690354135
zone_49,zone_3,151.120862759694,4805.520272334382,2461.1893038235394
zone_49,zone_30,36.46425910578896,165.0924129230255,0.005833617898150887
zone_49,zone_31,59.628482559851456,161.3581486353104,2.0903588595886955e-11
zone_49,zone_36,12.777051760436125,42.25852587934095,7.532834214254097e-14
zone_49,zone_37,286.0096337381217,398.7604755414939,3.939587796068728e-06
zone_49,zone_38,20.277334320936813,25.833691637120303,1.424792594174643e-14
zone_49,zone_4,470.23781541722076,9.399638843730454,7.363676849602727e-11
zone_49,zone_42,196.3661110510243,0.0,32.062035286797055
zone_49,zone_43,40.82006300324547,212.99762237967977,6.557218120795351e-09
zone_49,zone_46,34.41268031743057,151.52035461978875,9.022080776031411e-08
zone_49,zone_48,402.87836824088276,18.736110738014723,6.017092234044776e-06
zone_49,zone_49,2.1899450586687125e-258,0.0,826.2707164278261
zone_49,zone_50,33.50588310400706,10.928553589486583,0.18956564085358357
zone_49,zone_51,20.528066557910467,72.00753193497128,1.2875563424594775e-08
zone_49,zone_53,6.506544487510337e-260,15.385035349930178,1.1717051490942744e-06
zone_49,zone_54,49.782122388341094,150.87755703876462,6.4573962840190915e-09
zone_49,zone_56,39.16661564817689,177.03028719265518,0.013908565614788475
zone_49,zone_57,9.747613356542487,59.51691950983482,2.1625555672224026e-06
zone_49,zone_9,82.49334595683662,278.86673845973155,2.1453725441807164e-08
zone_5,zone_0,504.73899538242944,1.3091693302120515,1.1389542645339118e-11
zone_5,zone_1,51.90448620845973,93.86465508237436,2.5678666243455332e-14
zone_5,zone_10,122.06891258725852,598.3034513994261,3.659689151086799
zone_5,zone_12,150.88526172942028,2534.936267968198,188.03331091548873
zone_5,zone_15,643.6391109334336,1419.5014599675178,0.009655167797234868
zone_5,zone_22,68.57093437791093,209.1280554623291,0.0007101452924792495
zone_5,zone_24,31.91935172245613,83.49105141259002,5.231065408675098e-10
zone_5,zone_25,68.29155872379934,145.55875924812324,2.4971472310601725e-07
zone_5,zone_33,51.012129029241436,456.32661845582663,10.137614581245714
zone_5,zone_35,5450.33230022075,14707.09892489445,172.16422337373953
zone_5,zone_40,8.756416611341736,31.93569311181712,0.2576719619421084
zone_5,zone_41,180.6092060644958,1.2631946789706325,8.157078261025871e-11
zone_5,zone_44,74.03485549809972,163.77850589915028,1.842144285353395e-08
zone_5,zone_47,251.37090063927164,633.1232334110923,0.00020119942833614427
zone_5,zone_5,61.052041251193245,0.0,24471.37859961031
zone_5,zone_52,169.32153631689374,0.0,3164.149748458639
zone_5,zone_56,15.763583316032358,33.99145423170641,5.06612347064494e-13
zone_50,zone_0,362.00201757333997,3.3244465260489644,3.345605042425139e-08
zone_50,zone_1,51.25519327807499,198.96374363142255,0.23350110442259334
zone_50,zone_13,147.37883798855555,0.0,1.3198636479645385e-10
zone_50,zone_19,223.22831765015005,0.0,469.153937426882
zone_50,zone_21,812.9549172244128,0.0,0.43735362786711457
zone_50,zone_3,8.797914512780116,48.45573102014953,0.0016941316942483352
zone_50,zone_37,47.759775709590656,57.72069160110063,0.0009836835298133004
zone_50,zone_38,21.18850717399404,25.07227231490147,1.0788942641508039e-14
zone_50,zone_41,92.97267592730269,0.9006283208158319,1.4505185854414232e-09
zone_50,zone_42,18.1093367540942,0.0,3339.202056890499
zone_50,zone_45,130.36973889688028,0.0,0.01616662732500118
zone_50,zone_48,317.15909028412057,0.0,0.10700605422038857
zone_50,zone_49,6.6961423168727014,56.81659694533782,0.023734866768419738
zone_50,zone_50,2.704193328160011e-260,0.0,10.20297632478702
zone_50,zone_56,10.282506496546944,41.49331819753814,1.3829342176743734e-06
zone_51,zone_0,133.81071278047716,0.09381341028767974,5.276645457982289e-22
zone_51,zone_1,54.23590565983216,203.406359819509,2.625890106215533e-10
zone_51,zone_11,272.52049708810716,16.85936279846446,0.004521627549463109
zone_51,zone_12,44.45513569097959,3.3204805418764205,1.5195378032714537e-18
zone_51,zone_16,9.52674838461195,35.26825471363815,4.013031529162356e-06
zone_51,zone_19,31.80630577689028,9.907677291129472,7.613336118067116e-12
zone_51,zone_20,86.40507673932343,422.7795335697497,0.0006699154330857193
zone_51,zone_21,42.76602791764399,0.7579835720559949,1.8431136400042476e-16
zone_51,zone_24,18.357780499664795,32.89456905888656,1.185423069151184e-12
zone_51,zone_25,47.799975004147804,141.2898741124869,7.056825622381293e-14
zone_51,zone_29,484.53784358294286,148.81849827382726,6.889038775672955e-07
zone_51,zone_3,256.44662421452125,1298.4396510249828,0.0068990863579765065
zone_51,zone_30,86.24553063290627,435.91147587262367,0.036164390529622614
zone_51,zone_31,1478.4058648597768,176.27682625651852,0.2464016631928286
zone_51,zone_36,24.851267518972893,69.21367104422973,2.8363313227088412e-14
zone_51,zone_37,64.23846688779115,71.10228228637556,6.770608321579986e-14
zone_51,zone_38,18.81861810776795,20.587080985830692,2.5744781554183052e-15
zone_51,zone_39,44.993599480770406,0.05119421380739244,2.057672887453295e-15
zone_51,zone_43,55.59115183087648,183.7909153205862,1.5589894426994287e-09
zone_51,zone_44,34.13093502868599,92.01488383312298,4.492922208695081e-17
zone_51,zone_46,54.44526181961977,217.06722201562235,6.883828578645925e-08
zone_51,zone_47,43.02010733161233,2.9334618682338514,1.6580711716353702e-20
zone_51,zone_48,86.6605603445075,3.519484184038895,5.069288693335974e-15
zone_51,zone_49,120.70954664142381,60.95314176309165,1.7810964887233616e-08
zone_51,zone_5,43.80166193190185,1.4171536131220115,9.360902372878357e-20
zone_51,zone_50,27.211633199311237,10.629606542513898,3.2300165533583444e-12
zone_51,zone_51,4.716116181361523,0.0,10286.505755218934
zone_51,zone_53,107.47576125838899,1446.232752521375,0.5265211521105464
zone_51,zone_54,142.74858192162478,634.527278543693,2.6193021655354892e-05
zone_51,zone_56,30.71107357670477,103.10202603522455,1.4173958601612376e-05
zone_51,zone_57,11.184454278736547,40.06465140227922,4.3412717998001116e-07
zone_51,zone_6,14.548789084915615,33.08765723310567,7.989704634311129e-12
zone_51,zone_9,407.71846438953975,2109.0038254617066,0.017845155605159493
zone_52,zone_0,145.57589027464263,0.45049330593757636,7.171438306299138e-12
zone_52,zone_10,7.313649587173051,45.875794106379615,0.0017992978991818015
zone_52,zone_12,60.442714886122296,1605.9210893635172,0.768125700181927
zone_52,zone_15,12.799804590385335,35.408055564228626,0.0004407284169406852
zone_52,zone_22,30.535043596427627,317.89116424842996,0.40361126087085625
zone_52,zone_24,7.12813475630351e-260,18.75618301639566,4.3934975029408664e-08
zone_52,zone_29,3.095605869401523e-263,0.001,3.7929469327057476e-30
zone_52,zone_30,11.73398721474455,35.02227783689546,1.5349055928832603e-16
zone_52,zone_33,3.685820851878752e-259,103.65167545535658,0.014841758932539476
zone_52,zone_35,166.78065801799036,592.3071322949608,12.688428875347578
zone_52,zone_37,43.83409274280232,152.4756943504558,3.2321111588653487e-06
zone_52,zone_41,86.98009852003142,0.7257427278179922,8.576143251372176e-11
zone_52,zone_44,17.209627282876674,79.07616478586358,2.955704917893102e-08
zone_52,zone_47,62.477905629539514,187.72931921315427,0.0001422169974640703
zone_52,zone_5,296.8442698299183,0.0,3487.6105654807134
zone_52,zone_52,2.344167768721307e-260,0.0,8.844592580171131
zone_52,zone_56,9.207901114349792,39.180206738375084,9.163517363805932e-14
zone_53,zone_1,43.234151736627,190.90616807064308,1.0757993863422091e-07
zone_53,zone_11,39.87165580165663,3.1714471592069113,3.687719481253491e-09
zone_53,zone_12,92.35365499516745,7.8538323614019205,8.056962467266409e-13
zone_53,zone_13,88.10641656067978,0.0008642861868974307,1.3040994906450578e-23
zone_53,zone_16,9.22367037525655,36.01214063043207,0.9916520980025607
zone_53,zone_20,70.64656622391868,478.8421155242007,1.0619759051448334
zone_53,zone_22,32.95117048908867,18.28644329749238,5.038973054219132e-15
zone_53,zone_25,23.991137260581777,75.34049523165639,9.039829427158443e-09
zone_53,zone_29,103.93664367318509,37.85838902499062,8.126135821452111e-13
zone_53,zone_3,79.23246063740578,840.5458194876235,0.3805170559215748
zone_53,zone_30,45.944075784539905,0.0,2258.5042086404933
zone_53,zone_31,170.6678269688523,26.164017395115458,1.5856218043663892e-07
zone_53,zone_36,47.07049113321308,149.5276021274762,1.3613435116176624e-08
zone_53,zone_37,21.43331456147394,25.57897176959854,1.081629293517441e-11
zone_53,zone_38,36.776975284597725,45.800213773398134,1.284118710326856e-09
zone_53,zone_4,43.02596151706496,0.060405877009448036,1.4307352108379355e-20
zone_53,zone_42,30.154427243530392,10.736960593029332,3.318032673913672e-08
zone_53,zone_43,74.11195926628395,260.53870868874463,0.0005304610251302012
zone_53,zone_46,94.66447740538638,436.3348217704555,0.014592620703798105
zone_53,zone_47,44.70315626652538,3.24139791459836,1.304648160363424e-17
zone_53,zone_48,45.060932962956535,1.9394113288339543,8.528360932845235e-13
zone_53,zone_49,93.03269201982494,49.726460159490934,4.441414207391349e-06
zone_53,zone_51,140.47793538352883,231.63584386393225,0.8382751228580861
zone_53,zone_53,3.5496822437747817e-259,0.0,133.9302316761279
zone_53,zone_54,99.71638264841239,688.2107783246387,0.060020076069531456
zone_53,zone_55,58.45752313548502,132.8550630131619,7.376050648218889e-08
zone_53,zone_56,30.396037510089485,108.50920714471104,0.010622742963626282
zone_53,zone_57,21.94864627606262,83.0119638322353,0.2174390801013118
zone_53,zone_6,28.126334648861143,71.18296601123782,3.942254887039664e-06
zone_53,zone_9,204.50527095011398,5165.141912804801,61.17044370741909
zone_54,zone_1,43.03508521019494,7.172460795380564,2.199130030016618e-11
zone_54,zone_11,192.83165051845242,0.7981053897802363,1.4531905291480336e-12
zone_54,zone_16,31.808098987382003,20.587013896668807,0.06209498971468897
zone_54,zone_20,271.1732456490353,0.0,14084.388719599865
zone_54,zone_24,49.15437180513106,10.026151554933502,1.4424219240828817e-11
zone_54,zone_3,186.34449869758356,41.11274918289153,6.923388786376792e-06
zone_54,zone_30,192.37406851431322,59.79347754551445,0.023799356953695103
zone_54,zone_31,109.73493770141411,0.8753594178707236,8.306986526358506e-12
zone_54,zone_36,232.72774766924104,979.1456193443071,3.803340039706202e-05
zone_54,zone_37,46.63521502446258,6.047473187304148,1.949079399127665e-14
zone_54,zone_38,49.76626916624039,88.46125735896366,2.597403866227855e-10
zone_54,zone_42,44.3068822078602,1.2945376961809514,9.539872828780755e-12
zone_54,zone_43,197.56932619719925,82.3496683395256,1.5304526162576966e-05
zone_54,zone_44,37.74070601404748,11.440840712140819,1.3640635752852104e-13
zone_54,zone_45,43.73017824403525,0.017497286654227763,2.199836634619994e-19
zone_54,zone_46,280.9156376485554,2926.0105941825163,22.544018630435104
zone_54,zone_48,52.611525779260425,0.19115968686140844,1.948444814596233e-16
zone_54,zone_49,51.63155090841277,1.2930520835481873,4.823282288597628e-10
zone_54,zone_5,50.095693531695844,2.7480279386091704,4.261046296250897e-15
zone_54,zone_51,43.51625948928942,2.9216748600698894,2.1158294329258258e-05
zone_54,zone_53,588.8663840117299,180.7960962041776,0.18151446523444684
zone_54,zone_54,3.708396469513615e-259,0.0,139.91855163371787
zone_54,zone_55,25.865062774269465,81.07771830956277,3.788946339667894e-09
zone_54,zone_56,269.7522592269688,39.53990733476265,0.00014788675819722203
zone_54,zone_57,65.13869222250273,162.53358773531497,7.523764784999898
zone_54,zone_6,24.256526712973354,87.31282559221313,8.556209970744587e-08
zone_54,zone_9,4361.175086978256,0.0,446.23105969524613
zone_55,zone_1,111.89122251249265,48.84661548714022,7.045758537810075e-08
zone_55,zone_10,1630.9664186190164,0.0,76.32264822778293
zone_55,zone_12,60.10306324245367,0.0,0.023983269855385462
zone_55,zone_16,54.12173655507264,55.660501331974295,0.00019224891782818827
zone_55,zone_21,54.1737781338643,0.2701184495659647,3.05820175157198e-15
zone_55,zone_22,53.18668587955942,8.677155039339643,1.202057365321864e-07
zone_55,zone_24,79.5564882483581,47.71792589165447,2.126903253831503e-07
zone_55,zone_25,245.1632159284159,226.4972342799461,0.00726561746112402
zone_55,zone_3,148.27851925264704,94.63629934665855,3.584443405559038e-09
zone_55,zone_30,55.24319011887681,52.478785766875525,1.279155039377279e-07
zone_55,zone_33,232.17247970089446,0.0,0.38961422873122886
zone_55,zone_35,53.51409938365127,1.772386984582718,1.8734237822235278e-06
zone_55,zone_36,214.85961358018898,5030.050077569735,4.4660817982616745
zone_55,zone_37,164.01109431970755,61.46839753504399,6.137886020244795e-10
zone_55,zone_38,1125.6100327162785,0.0,3743.715589005584
zone_55,zone_43,399.2877770117603,496.9787507077292,0.28433845391656887
zone_55,zone_44,692.8739243645557,514.0963878046716,0.0013920800781550887
zone_55,zone_46,330.9083489939132,153.2513587592258,0.00011817139850164968
zone_55,zone_48,55.65005577985305,0.6358100296954363,4.263977907196543e-14
zone_55,zone_51,40.93586144398556,8.368484706052104,9.76603678696904e-13
zone_55,zone_52,50.012568721849114,0.0,0.00019857648964864217
zone_55,zone_53,53.288287119957396,50.343354707544236,1.2484729547590058e-07
zone_55,zone_54,132.26979772326717,82.2215277467165,1.7952181759064455e-08
zone_55,zone_55,5.3429137548963875e-258,0.0,2015.8922063341884
zone_55,zone_56,38.232048279012865,17.563261670005794,1.4902754425214528e-06
zone_55,zone_57,31.879863329020175,32.227197097116225,0.0001056604820454795
zone_55,zone_6,130.3517468185581,4841.693541390348,287.3267352088116
zone_55,zone_9,129.322631573932,91.63220016011792,3.499462998225337e-11
zone_56,zone_1,86.88829481093477,3172.2460102740965,0.33430364401066237
zone_56,zone_10,31.138030426314568,16.881674802041275,3.538773949552065e-10
zone_56,zone_12,51.7601956916897,5.051694176318721,3.967829377534518e-12
zone_56,zone_13,50.55745117227785,0.0006311697487089465,1.9649375892191781e-19
zone_56,zone_16,13.205457373033145,282.5487417274637,29.20925109671932
zone_56,zone_20,19.513981450685307,80.30401355184445,2.8337162957380676e-05
zone_56,zone_22,33.28833887222256,25.164585780645236,7.554616482351994e-08
zone_56,zone_24,51.25059828628656,130.44139868133308,0.037189881061930836
zone_56,zone_25,40.95685085895986,183.40542009206428,7.457645880656076e-05
zone_56,zone_29,146.64254195483636,67.25695713628589,1.4764451415625962e-09
zone_56,zone_3,67.0590091443816,254.28430278957882,29.46570353550644
zone_56,zone_30,21.956173085964696,166.74957885557373,13.345591463533015
zone_56,zone_35,51.866705263247674,0.5044731123665246,3.488203080346605e-16
zone_56,zone_36,33.110239097937885,135.12949899806011,9.405139919447367e-08
zone_56,zone_37,204.66190569145272,331.1601993370582,0.00021720834215030503
zone_56,zone_42,128.1294368753942,57.839886983814246,0.00033948017022257467
zone_56,zone_43,84.71245963358392,721.2657401110084,0.06828644474201317
zone_56,zone_44,40.716919724077826,159.0044502924313,2.0159828086142458e-07
zone_56,zone_46,22.002197471025188,456.8991719639172,0.00442017801591458
zone_56,zone_47,99.39914769122608,9.817843071681766,4.305137108878683e-10
zone_56,zone_48,152.16449482563394,8.334778210196802,7.562042672438228e-08
zone_56,zone_49,96.72909328955006,65.23858002001515,0.011119332718641468
zone_56,zone_5,103.66272457786592,4.382390774799691,4.968408045984486e-13
zone_56,zone_50,59.13700421726978,31.10550406054272,5.468714359674958e-06
zone_56,zone_51,43.295167185074796,50.80001268519326,3.839451178161784e-05
zone_56,zone_53,29.20575531649397,1143.1367212393336,1.4337053685649053
zone_56,zone_54,11.072229813323903,40.09089787439608,2.9100015632898665e-05
zone_56,zone_56,1.6098510514376252e-258,0.0,607.4000698547569
zone_56,zone_57,16.727169010210048,441.5292001329136,0.2729126810941817
zone_56,zone_6,13.464105109935037,42.83854890935668,1.7814619967931748e-05
zone_56,zone_9,114.00350466251061,473.99626015867847,9.613403973784959e-05
zone_57,zone_1,38.648966198915396,119.89620910220525,3.079534423681118e-07
zone_57,zone_16,7.1868519160499975,0.0,323.00478917102214
zone_57,zone_20,9.384400624126904,42.99678782175721,0.6060326347022786
zone_57,zone_22,30.25674874103621,29.989342110924227,3.2853846110982767e-12
zone_57,zone_25,1.538492448983619e-260,4.312517979979113,3.7150421574507305e-07
zone_57,zone_3,22.875286746060617,99.91189637414666,0.0027996101718522843
zone_57,zone_30,7.3770795764117425,62.20872995977743,0.1121741419397027
zone_57,zone_36,9.478134442840105,47.81596575146012,2.0124656778602067e-05
zone_57,zone_37,34.56247274678196,75.32117143780394,1.70906940958632e-09
zone_57,zone_42,64.73392197223289,32.297099889842436,4.3222139990239884e-08
zone_57,zone_43,41.24339914467291,1006.8298412437118,1.4728476642841288
zone_57,zone_46,19.83358050067051,748.3957137230703,270.2316992177899
zone_57,zone_47,51.2974675471741,6.643185330262535,1.0630260664844557e-14
zone_57,zone_50,30.172186693541466,17.540018788599124,7.031396006837967e-10
zone_57,zone_53,14.422184160512302,466.6230618598009,0.8560565696653101
zone_57,zone_54,40.96730843792323,165.15164552093228,4.788225051175413
zone_57,zone_55,25.103950336828532,90.00447540069595,3.975432152543156e-05
zone_57,zone_56,29.596030361033048,80.19474076820654,0.06216494491178492
zone_57,zone_6,12.059890487622436,47.389672589042995,0.0021214545088914416
zone_57,zone_9,59.55200140230947,280.3547741758295,0.013030886754894284
zone_6,zone_1,135.43436947111837,71.20575062176972,7.03100789772377e-06
zone_6,zone_10,155.90057522144974,182.93204323441387,0.07510632556392753
zone_6,zone_12,45.569855703432985,12.057174495079222,0.00018548590891382378
zone_6,zone_16,23.801210019306904,29.321423110952413,0.006970247130934762
zone_6,zone_20,57.17414663799782,44.20726680514318,1.4106233695851193e-07
zone_6,zone_24,69.86739595358351,52.852485325320984,1.5786010334945052e-05
zone_6,zone_25,234.72786639267264,276.6931104812439,0.0007028985891230616
zone_6,zone_3,33.08696431821299,25.295731573154093,6.59412794376303e-08
zone_6,zone_30,48.44708764422629,55.12939835214126,9.248452497093282e-06
zone_6,zone_36,156.03528119584354,6242.926170209672,115.87480802223666
zone_6,zone_38,218.59641496885095,731.1913527129153,3.074524135720731
zone_6,zone_43,247.94843304284288,314.84851623327114,14.556866824118346
zone_6,zone_44,337.9837805465951,320.04781098610016,2.2430861499743936e-05
zone_6,zone_46,333.5119444661411,179.89825154418838,0.002777438439193059
zone_6,zone_49,49.62871687554414,5.044748244901528,2.875306820512422e-11
zone_6,zone_5,48.74718241445606,5.586820929098085,1.24056734685595e-05
zone_6,zone_51,38.33452152875408,9.387511085840359,7.539827809290497e-11
zone_6,zone_54,89.85480868120985,64.99670457558831,4.266192004790555e-07
zone_6,zone_55,117.83868314719761,2141.9701138833884,143.34773290242958
zone_6,zone_56,33.86261359774415,19.247815889367526,0.00010882192722749138
zone_6,zone_57,27.849121543291215,33.72315994935633,0.007609648495902766
zone_6,zone_6,1.2778816548477818e-260,0.0,4.821473425926627
zone_6,zone_9,58.25161709936114,48.508613015288105,1.2750246681695599e-09
zone_7,zone_0,151.90666087613366,1078.5199236911487,0.029098752331151022
zone_7,zone_1,19.987264229272405,119.04253378407742,2.0787753279548743e-09
zone_7,zone_13,12529.840430009966,0.0,128.82459188435314
zone_7,zone_15,14.260009758479542,39.51568117618573,3.6950142245212666e-10
zone_7,zone_17,161.10279630288667,0.0,2.592917423812612
zone_7,zone_19,40.38919982477558,111.14860599332675,9.551914071466699e-12
zone_7,zone_21,28.280393795751145,425.2961333282187,0.4120752432505511
zone_7,zone_32,113.7677494687319,0.0,0.9913324663972264
zone_7,zone_35,14.333848710011393,39.45207455583534,1.2311653289211913e-17
zone_7,zone_37,43.43472116733605,65.84504811559535,1.445899847982169e-11
zone_7,zone_41,9.255526464701228,39.473976626195956,0.00016580837080902382
zone_7,zone_42,2.5223242036210474e-260,4.801655532284889,5.231013101956692e-12
zone_7,zone_45,21.03134844472114,310.37937817539904,0.4793916242871251
zone_7,zone_47,18.53362979576317,37.17936209981193,1.923909890998149e-12
zone_7,zone_48,43.67656919244072,802.3806358062146,0.12029287174285137
zone_7,zone_7,3.542816986145987e-257,0.0,13367.120411208236
zone_8,zone_8,251.45325947562694,0.0,3967.4577405243726
zone_9,zone_0,53.46069997573413,0.009853863685995258,1.4199616002871865e-22
zone_9,zone_1,284.98851052878734,279.67092238605784,1.4037986829880814e-09
zone_9,zone_10,127.04107829008892,65.33646412171484,4.2193830128349335e-14
zone_9,zone_11,194.35134594211743,3.7127866827271263,3.1214044191094936e-10
zone_9,zone_16,82.62568124263582,77.32193210419716,0.00221722868108126
zone_9,zone_20,750.4130567889747,6333.01516992568,4777.066431792247
zone_9,zone_24,41.62860381947671,18.92683788261366,4.288102367396916e-12
zone_9,zone_25,32.35971131508632,24.08877921648827,3.0433640957862317e-12
zone_9,zone_29,347.87543379518013,30.742416792361556,4.7876408339942647e-14
zone_9,zone_3,784.1811944910995,961.5814190355576,0.004765271654605328
zone_9,zone_30,609.5167432360499,767.6862510669121,16.13797068911669
zone_9,zone_31,873.1194098977801,32.14738489803067,1.4086090542379716e-08
zone_9,zone_33,47.071953621993394,8.567441512282516,5.606381655520186e-16
zone_9,zone_36,202.73830181375837,698.8809734642268,6.114883188167208e-08
zone_9,zone_37,125.55194223936437,36.29091147963323,1.3347781714855014e-13
zone_9,zone_38,57.40382269369647,83.60401457969274,5.529432802107693e-13
zone_9,zone_4,49.22901361742633,0.017140350350734513,2.940461255049067e-22
zone_9,zone_42,129.22834322425166,11.422579160229517,2.9602093016195083e-10
zone_9,zone_43,390.6146388078781,325.3209334590119,6.978363282285462e-07
zone_9,zone_45,44.18364457174266,0.05197186843104054,2.3646342025010185e-18
zone_9,zone_46,474.5554444098283,2475.151328522993,0.0429640536469987
zone_9,zone_48,106.78349681502942,1.1406092426546637,4.207310839002059e-15
zone_9,zone_49,432.7744097134391,57.46867313274052,4.3011276326422016e-08
zone_9,zone_51,1000.2681866397592,373.2558239134248,0.10364868603093393
zone_9,zone_53,1341.908093273947,0.0,88.31992994714413
zone_9,zone_54,657.1732785375754,6395.8863931747455,116.59888205417764
zone_9,zone_55,76.51241473822125,196.51159671808958,2.31519789220581e-11
zone_9,zone_56,344.7191570277649,291.5214825067481,0.00025379419119690266
zone_9,zone_57,100.55361683310669,203.92224903751668,0.02126244345349537
zone_9,zone_6,43.18603572140993,127.28144786965579,1.5108271267194371e-09
zone_9,zone_9,12.608583843974717,0.0,21193.432406205462
