origin,destination,volume_car,volume_bus,volume_walk
zone_0,zone_0,0.057869914839844695,0.0,31637.72928149841
zone_0,zone_1,0.2333182200450799,975.0305745388896,0.0
zone_0,zone_10,8.282171907578943e-260,5.011174848757043,0.0
zone_0,zone_12,0.03563156623920297,110.09494851523841,0.0
zone_0,zone_13,5671.7415907998375,0.0,0.0
zone_0,zone_15,0.6570121743593933,2243.331479563412,0.0
zone_0,zone_17,47.748947929651045,0.0,0.0
zone_0,zone_19,0.7747175481762614,868.5458742778699,0.0
zone_0,zone_21,1185.4951272477847,0.0,0.0
zone_0,zone_23,0.00882243950671919,36.018438574496486,0.0
zone_0,zone_29,0.04664300763697535,155.64368139720148,0.0
zone_0,zone_3,0.08770892003577428,266.06666177973085,0.0
zone_0,zone_30,0.02709718491660945,51.158509038983446,0.0
zone_0,zone_35,0.17845454597288557,1120.7311226578388,0.0
zone_0,zone_37,0.41673909970583406,1047.3193666786128,0.0
zone_0,zone_41,0.6214825181871289,0.0,5936.9031638883325
zone_0,zone_42,0.12338391295336473,474.42274872859207,0.0
zone_0,zone_43,0.06290063709470337,138.88909443347723,0.0
zone_0,zone_44,0.017290904995406187,44.812687062056845,0.0
zone_0,zone_45,0.12586189465664938,0.0,845.0508599852268
zone_0,zone_47,0.497860873236011,2803.0280960560203,0.0
zone_0,zone_48,2198.6897180306896,0.0,0.0
zone_0,zone_49,0.040315759418430235,153.02940076502023,0.0
zone_0,zone_5,0.375883516782768,1032.2395793694593,0.0
zone_0,zone_50,0.1445757122325871,485.5107156137608,0.0
zone_0,zone_52,0.044442473548183536,250.92235041363665,0.0
zone_0,zone_53,0.03370385022297106,47.17154708436338,0.0
zone_0,zone_54,0.05375931717712787,48.730827661131876,0.0
zone_0,zone_7,798.655660781548,0.0,0.0
zone_0,zone_9,0.08955854807598924,51.66324939786385,0.0
zone_1,zone_0,598.420064069592,0.0,0.0
zone_1,zone_1,0.002373531273080013,0.0,8149.648920434285
zone_1,zone_10,0.07713422046486526,47.221645978040485,0.0
zone_1,zone_13,394.37777803707223,0.0,0.0
zone_1,zone_15,0.303584336809314,103.42091355755383,0.0
zone_1,zone_16,3.665358689587584e-260,5.0607340381024235,0.0
zone_1,zone_19,0.02388497764533908,49.06073393690737,0.0
zone_1,zone_20,0.02578807753443792,99.88058043773823,0.0
zone_1,zone_21,0.24197786015930361,481.90814786889314,0.0
zone_1,zone_22,0.08615330249458812,302.1238127461196,0.0
zone_1,zone_24,0.04140343188069869,460.6698776356377,329.5372068431414
zone_1,zone_25,0.03327221393609661,353.95521150678235,0.0
zone_1,zone_29,0.12853612452115362,580.2708746987646,0.0
zone_1,zone_3,0.23290325690620808,1569.38856374349,0.0
zone_1,zone_30,0.02443796214694898,208.5055890003864,0.0
zone_1,zone_31,0.022958960860257952,54.7162309463862,0.0
zone_1,zone_35,0.2844346561828675,155.20298033169104,0.0
zone_1,zone_36,0.03406710849342318,524.0542899260042,0.0
zone_1,zone_37,0.5745153570721082,0.0,3888.0922762082037
zone_1,zone_38,0.015983681151371498,49.793414272582524,0.0
zone_1,zone_4,0.1737343010117149,97.87220808170476,0.0
zone_1,zone_42,0.14725531892209395,0.0,1052.7560486737916
zone_1,zone_43,0.11658485296090336,10176.044587470516,0.0
zone_1,zone_44,0.13529731513041787,819.7091507652065,0.0
zone_1,zone_45,47.65855087772023,0.0,0.0
zone_1,zone_46,0.02424930588066233,141.86917781754295,0.0
zone_1,zone_47,0.06262116947305647,116.32038282118148,0.0
zone_1,zone_48,1403.913542167783,0.0,0.0
zone_1,zone_49,0.1313570638119477,778.1268787653752,0.0
zone_1,zone_5,0.4015029388222049,157.1361924278662,0.0
zone_1,zone_50,0.020112266414549277,123.47288607087128,0.0
zone_1,zone_51,0.038047513392295354,94.80584670552837,0.0
zone_1,zone_53,0.01365593259995069,95.9791016789308,0.0
zone_1,zone_54,0.02254410400933487,99.19437766526562,0.0
zone_1,zone_55,0.049066475281270026,214.88005584047062,0.0
zone_1,zone_56,0.02785504574757433,1210.4517642781686,603.5967356124714
zone_1,zone_57,0.014062354605830074,115.4995894452761,0.0
zone_1,zone_6,0.022909257367749836,447.8373397121573,0.0
zone_1,zone_7,101.53952084471845,0.0,0.0
zone_1,zone_9,0.14533850863146136,420.944093539649,0.0
zone_10,zone_1,0.06767219969726887,51.839129061130215,0.0
zone_10,zone_10,3.312122107419654e-257,0.0,12496.70395045321
zone_10,zone_12,554.4696173925137,0.0,0.0
zone_10,zone_13,224.0362287750757,0.0,0.0
zone_10,zone_15,0.1875221255883634,51.337723108053545,0.0
zone_10,zone_22,0.10737832341328593,120.699061338045,0.0
zone_10,zone_28,4.982533510064143,0.0,0.0
zone_10,zone_33,0.485456852660618,0.0,4908.414883821143
zone_10,zone_35,0.19757498425866377,154.22340532494582,0.0
zone_10,zone_36,0.10050009166658917,725.0558800900283,0.0
zone_10,zone_37,0.05335641330770867,52.838436922577785,0.0
zone_10,zone_38,0.17477398810361752,2311.1369408092305,0.0
zone_10,zone_39,373.2438856368497,0.0,0.0
zone_10,zone_4,776.3839614329993,0.0,0.0
zone_10,zone_40,1986.1998099782215,0.0,0.0
zone_10,zone_43,0.11785557429116725,280.6428762442536,0.0
zone_10,zone_44,0.14471809375652278,452.43638100465364,0.0
zone_10,zone_46,0.08932763345341448,234.5479227835683,0.0
zone_10,zone_47,0.17031501806360416,115.40073912572639,0.0
zone_10,zone_49,0.1870519001272678,51.400912632038924,0.0
zone_10,zone_5,677.9745380163067,0.0,0.0
zone_10,zone_52,203.08275256548285,0.0,0.0
zone_10,zone_55,0.12469139454424064,2174.6969940123445,0.0
zone_10,zone_6,0.03631006271697521,318.9528288973685,0.0
zone_10,zone_7,667.4932616673889,0.0,0.0
zone_10,zone_9,0.18271400046500927,104.36861029330318,0.0
zone_11,zone_1,0.012853955787883143,47.440270079310075,0.0
zone_11,zone_11,0.044840066997474705,0.0,987.6682019567181
zone_11,zone_13,1811.0187578851746,0.0,0.0
zone_11,zone_15,17192.89481770044,0.0,0.0
zone_11,zone_17,36.89168564658376,0.0,0.0
zone_11,zone_28,47.18783625924219,0.0,0.0
zone_11,zone_29,0.2666217162283069,719.5076855616413,0.0
zone_11,zone_31,2.1293283846236384,0.0,20095.171529493007
zone_11,zone_43,0.016196735430315738,42.870800522057905,0.0
zone_11,zone_49,0.05858479095249677,94.3269623011398,0.0
zone_11,zone_51,0.0904572900532312,646.7339432894703,0.0
zone_11,zone_7,3835.60865250857,0.0,0.0
zone_11,zone_9,0.0901058049843577,287.1733680515991,0.0
zone_12,zone_0,0.1462661516252708,98.73882878749615,0.0
zone_12,zone_1,0.028252533304898082,103.79056682912228,0.0
zone_12,zone_10,0.08952498755930971,890.5090123437058,0.0
zone_12,zone_12,1.7340769525028885e-257,0.0,6542.707545168122
zone_12,zone_13,339.3067195218763,0.0,0.0
zone_12,zone_15,0.14074731140816513,205.77412812225148,0.0
zone_12,zone_17,10.160552594259297,0.0,0.0
zone_12,zone_22,0.09017868061186345,480.00600035165655,0.0
zone_12,zone_24,0.0102637806753492,56.45567924168648,0.0
zone_12,zone_28,15.17428157006693,0.0,0.0
zone_12,zone_3,0.019545023099427253,53.69980205383547,0.0
zone_12,zone_33,0.00990700056440846,107.38655907918289,0.0
zone_12,zone_35,0.3823335679533142,1593.7762049315793,0.0
zone_12,zone_37,0.06097945028284011,211.44282073651829,0.0
zone_12,zone_39,516.9892112640704,0.0,0.0
zone_12,zone_40,0.040377734875436125,89.19787074930126,0.0
zone_12,zone_41,0.08130147327489075,46.949619338070846,0.0
zone_12,zone_43,0.01421298202516138,46.763610065262725,0.0
zone_12,zone_44,0.11177186490150848,316.37809681727055,0.0
zone_12,zone_47,0.0761686322973449,230.90194409942248,0.0
zone_12,zone_49,0.04603606500541504,51.5445208653648,0.0
zone_12,zone_5,2345.039459849905,0.0,0.0
zone_12,zone_52,0.05842052791312342,0.0,505.456128510492
zone_13,zone_0,1.4131186261947395,6176.143858806315,0.0
zone_13,zone_1,0.060364192267791134,19431.042292356287,0.0
zone_13,zone_10,3.496087743781476e-259,9.965514528579277,0.0
zone_13,zone_12,0.03855140853828438,56.04128723162543,0.0
zone_13,zone_13,0.23315003656700814,0.0,5135.47130550114
zone_13,zone_15,0.06456625238938775,103.86112618443897,0.0
zone_13,zone_17,0.43415358934359327,680.2308052875479,0.0
zone_13,zone_19,0.6383194150391654,638.8686900248928,0.0
zone_13,zone_2,5096.8293549909595,0.0,0.0
zone_13,zone_21,0.16584709699441694,676.1572054427818,0.0
zone_13,zone_22,0.07818870802301062,119.9422092988748,0.0
zone_13,zone_28,506.44749619409026,0.0,0.0
zone_13,zone_3,0.020714659083578658,59.268946961855676,0.0
zone_13,zone_30,0.021066082499353263,52.27044993648407,0.0
zone_13,zone_32,4704.300838238482,0.0,0.0
zone_13,zone_33,3.589738675299464e-259,10.549396945845107,0.0
zone_13,zone_35,1.939352178959056e-259,9.828839310598704,0.0
zone_13,zone_37,0.17127248554909297,533.4959252964128,0.0
zone_13,zone_39,0.14393698896016044,48.16203769732754,0.0
zone_13,zone_41,0.08623873122447974,380.53511356402447,0.0
zone_13,zone_42,0.06343170038259843,307.15914671048944,0.0
zone_13,zone_43,0.04335837297902334,167.42339823644113,0.0
zone_13,zone_44,0.028265265355120417,45.62768113526159,0.0
zone_13,zone_45,0.10931115899529087,3333.1818672367776,0.0
zone_13,zone_46,5.305208291724493e-259,14.268113599503845,0.0
zone_13,zone_47,0.021976950291976594,58.292926489055475,0.0
zone_13,zone_48,0.184171938591467,1117.8388459372131,0.0
zone_13,zone_49,0.02925441199425001,103.85454145749597,0.0
zone_13,zone_50,0.04144470362514262,164.59489608505606,0.0
zone_13,zone_52,0.019205546835842396,50.836001049167514,0.0
zone_13,zone_54,0.07997914995171965,99.28215810972358,0.0
zone_13,zone_6,2.4112277360007824e-259,10.03249013205752,0.0
zone_13,zone_7,1.5923327288469562,12560.079702805608,0.0
zone_13,zone_8,8719.135958464414,0.0,0.0
zone_15,zone_0,2782.3184668402764,0.0,0.0
zone_15,zone_10,0.021257006960281356,47.87642692698949,0.0
zone_15,zone_12,0.20244013520088222,396.31928492242224,0.0
zone_15,zone_13,249.7222717337742,0.0,0.0
zone_15,zone_15,0.1672261190251162,0.0,3683.4003907049982
zone_15,zone_17,62.918157125016805,0.0,0.0
zone_15,zone_21,48.83782819589543,0.0,0.0
zone_15,zone_22,0.03680032989978866,121.6989038184573,0.0
zone_15,zone_35,0.7271280133445162,2786.2597777116366,0.0
zone_15,zone_37,0.05259318912526369,162.25742270153543,0.0
zone_15,zone_39,4757.057843357921,0.0,0.0
zone_15,zone_4,10362.658843267067,0.0,0.0
zone_15,zone_41,916.1526980791185,0.0,0.0
zone_15,zone_44,0.04929736887444485,138.55464945552575,0.0
zone_15,zone_45,48.60862929549676,0.0,0.0
zone_15,zone_47,1829.4705112233307,0.0,0.0
zone_15,zone_5,0.9977543094585395,1703.8848646907347,0.0
zone_15,zone_52,0.029520316084741725,103.68318510875743,0.0
zone_15,zone_56,0.030565072678575854,55.52138341550966,0.0
zone_15,zone_6,0.01852956521824186,54.221720326191836,0.0
zone_15,zone_7,51.51331717349149,0.0,0.0
zone_16,zone_1,0.01623820890332452,96.3641080410244,0.0
zone_16,zone_16,1.451789659222351e-259,0.0,54.7763185692609
zone_16,zone_17,239.5438314088728,0.0,0.0
zone_16,zone_20,7.867543801832409e-260,9.730763967599282,0.0
zone_16,zone_25,0.003632138614724661,53.31998781958538,0.0
zone_16,zone_3,0.0035199985228728014,25.80889840420216,24.244215675598337
zone_16,zone_30,0.0022241760332812523,48.52975866994301,37.15028249710625
zone_16,zone_32,14.419006951024624,0.0,0.0
zone_16,zone_36,2.64482178153896e-259,34.518267104371155,0.0
zone_16,zone_43,0.009073390355154783,184.46232958988082,105.71172400206895
zone_16,zone_44,5.961195166624687e-264,0.001,0.0
zone_16,zone_46,0.010301367038621745,93.3848109971234,0.0
zone_16,zone_49,0.03423861847516969,96.60358882873777,0.0
zone_16,zone_53,0.0020599527651103374,66.72444263907788,44.25657617519727
zone_16,zone_54,0.018309382847400475,153.70408604717858,0.0
zone_16,zone_56,0.008056044626275816,0.0,106.77334447740684
zone_16,zone_57,0.003170601077202963,0.0,703.252236297561
zone_16,zone_6,7.128491111761143e-260,9.755073142078219,0.0
zone_16,zone_9,0.0352074556769875,195.96182135360587,0.0
zone_17,zone_13,806.1721952203272,0.0,0.0
zone_17,zone_17,0.5451107645757314,0.0,12006.863610308284
zone_17,zone_19,5722.526722695709,0.0,0.0
zone_17,zone_21,49.3286402489771,0.0,0.0
zone_17,zone_26,7416.142902587812,0.0,0.0
zone_17,zone_29,0.060389004059634696,53.90840848222361,0.0
zone_17,zone_32,262.3975817780048,0.0,0.0
zone_17,zone_39,98.84392127546108,0.0,0.0
zone_17,zone_40,11689.438347412191,0.0,0.0
zone_17,zone_48,0.04300909319742137,53.12871265030217,0.0
zone_17,zone_7,51.76294847886595,0.0,0.0
zone_19,zone_0,982.5813424983694,0.0,0.0
zone_19,zone_1,0.15025811668780184,270.6281246486784,0.0
zone_19,zone_13,357.9792865075176,0.0,0.0
zone_19,zone_17,5388.307424554243,0.0,0.0
zone_19,zone_19,0.5504988451580454,0.0,41778.42796199833
zone_19,zone_21,5202.978663028999,0.0,0.0
zone_19,zone_23,0.012129052481377566,37.954547786404184,0.0
zone_19,zone_26,9.870844298268299,0.0,0.0
zone_19,zone_3,0.02096548852151399,56.23834505869289,0.0
zone_19,zone_32,215.0025800041168,0.0,0.0
zone_19,zone_37,165.70207335396557,0.0,0.0
zone_19,zone_39,2207.55042771306,0.0,0.0
zone_19,zone_4,864.9356199345867,0.0,0.0
zone_19,zone_40,39.49946613136144,0.0,0.0
zone_19,zone_42,0.03944299688207811,136.4223781100618,0.0
zone_19,zone_43,0.016571841434376112,48.77749289561723,0.0
zone_19,zone_44,0.05727823547338534,94.27130804461054,0.0
zone_19,zone_45,496.46067422929644,0.0,0.0
zone_19,zone_48,431.50477062032246,0.0,0.0
zone_19,zone_49,0.01477944347110563,53.84963481882927,0.0
zone_19,zone_50,512.1706456316497,0.0,0.0
zone_19,zone_7,52.533043060272476,0.0,0.0
zone_2,zone_12,137.53445556897708,0.0,0.0
zone_2,zone_2,0.04200670513361277,0.0,925.2592537780536
zone_2,zone_20,193.4727658138681,0.0,0.0
zone_2,zone_26,158.7878788529294,0.0,0.0
zone_2,zone_3,9.739280815317912,0.0,0.0
zone_2,zone_31,9.524933029297003,0.0,0.0
zone_2,zone_33,82.37176172564543,0.0,0.0
zone_2,zone_40,70.83434893823835,0.0,0.0
zone_2,zone_46,110.35214229840527,0.0,0.0
zone_2,zone_51,14.48668209655379,0.0,0.0
zone_2,zone_54,148.95826256340294,0.0,0.0
zone_2,zone_9,613.226727814178,0.0,0.0
zone_20,zone_1,0.0162218504572572,51.02620795932894,0.0
zone_20,zone_10,0.055271301963651605,46.010597779570354,0.0
zone_20,zone_13,419.5038452250405,0.0,0.0
zone_20,zone_17,4.9808940874887035,0.0,0.0
zone_20,zone_20,0.01769049826833651,0.0,13415.955662176355
zone_20,zone_28,14.839744058089874,0.0,0.0
zone_20,zone_3,0.0334489664873978,105.51405625237258,0.0
zone_20,zone_30,0.08620826927663959,254.10042956867505,0.0
zone_20,zone_31,0.11595496613390567,53.126955215416984,0.0
zone_20,zone_36,0.16743110925576626,1118.9481267867993,0.0
zone_20,zone_37,0.050535616051328905,51.96048381268889,0.0
zone_20,zone_38,0.025786127180602022,96.99630178024664,0.0
zone_20,zone_39,468.9982951461001,0.0,0.0
zone_20,zone_42,0.035138705977117934,42.72342989687226,0.0
zone_20,zone_43,0.010222451423635993,45.98632738816935,0.0
zone_20,zone_44,0.033640772674014593,88.79834027139553,0.0
zone_20,zone_46,0.08889995241003117,1018.0797477848556,0.0
zone_20,zone_49,0.033910062928086945,50.6949924065449,0.0
zone_20,zone_51,0.15438589930302496,323.3115693377789,0.0
zone_20,zone_53,0.13555054488612198,421.16800426462675,0.0
zone_20,zone_54,0.17856816276547097,0.0,2827.226957379786
zone_20,zone_55,0.019231176636853576,102.20574091466622,0.0
zone_20,zone_56,0.016756614715849428,53.362777956229586,0.0
zone_20,zone_57,0.006973941470623352,51.24106645188657,0.0
zone_20,zone_6,0.01893810457480321,104.21932438700496,0.0
zone_20,zone_7,986.7111387167655,0.0,0.0
zone_20,zone_9,1.1316802943560191,0.0,8158.840376421835
zone_21,zone_0,1146.307544267058,0.0,0.0
zone_21,zone_1,0.14150925963781769,763.5712777588592,0.0
zone_21,zone_12,0.12650475837577935,116.45312797468772,0.0
zone_21,zone_13,515.1701087424265,0.0,0.0
zone_21,zone_17,50.75542618913307,0.0,0.0
zone_21,zone_19,5491.534229031487,0.0,0.0
zone_21,zone_21,2.9449177209780344e-257,0.0,11111.234345818457
zone_21,zone_29,0.01469803338834879,55.09677129254718,0.0
zone_21,zone_3,0.03314368402490803,113.00761002989071,0.0
zone_21,zone_30,0.023835722771890545,54.527718820805944,0.0
zone_21,zone_37,0.1354740298457455,389.59310277926755,0.0
zone_21,zone_42,0.030059755233529738,137.2266190912842,0.0
zone_21,zone_45,0.020898673162909182,0.0,199.8231704028551
zone_21,zone_48,814.8927637133457,0.0,0.0
zone_21,zone_49,0.03803732823074827,162.61620212345304,0.0
zone_21,zone_50,0.10243650414448094,0.0,923.1801767681582
zone_21,zone_6,0.02587415510325168,55.91944190531087,0.0
zone_21,zone_7,159.23531901864035,0.0,0.0
zone_22,zone_0,107.28246429261944,0.0,0.0
zone_22,zone_1,0.026985622719788896,225.68793936346134,0.0
zone_22,zone_10,0.07056302293188807,255.0796018213421,0.0
zone_22,zone_12,844.22242612198,0.0,0.0
zone_22,zone_15,55.79702963553279,0.0,0.0
zone_22,zone_17,439.8524382819689,0.0,0.0
zone_22,zone_22,1.3733806855787803e-257,0.0,5181.793207593817
zone_22,zone_25,0.006331694158146965,56.840917959000855,0.0
zone_22,zone_3,0.009303702226231357,58.275344731002164,0.0
zone_22,zone_32,43.66780971632201,0.0,0.0
zone_22,zone_33,0.014840252679958695,55.41752028808658,0.0
zone_22,zone_35,0.13415420272138112,447.9479101489293,0.0
zone_22,zone_37,0.05623443817818847,462.0501644157199,0.0
zone_22,zone_43,0.020392743152588686,152.9644381481417,0.0
zone_22,zone_44,0.118291294687996,838.6511919784541,0.0
zone_22,zone_46,0.011449167615660455,50.80502825579029,0.0
zone_22,zone_47,0.07740484192726098,0.0,755.0334929470062
zone_22,zone_48,0.03412050414183283,56.470335493030355,0.0
zone_22,zone_5,849.5116388755954,0.0,0.0
zone_22,zone_52,165.38471107125235,0.0,0.0
zone_22,zone_53,0.010985212502636474,51.663049037048324,0.0
zone_22,zone_55,0.007342777532018174,56.992289232397006,0.0
zone_22,zone_56,0.011125830225004303,118.62643646831303,0.0
zone_23,zone_23,0.01930480512672308,0.0,1072.1076434999902
zone_23,zone_26,4.325053274121034,0.0,0.0
zone_23,zone_29,0.017751981713107542,230.29006341398468,0.0
zone_23,zone_40,4.32768302506376,0.0,0.0
zone_24,zone_1,0.026097602291128515,295.76235347883926,211.49246600970008
zone_24,zone_10,0.0386554552240296,51.11400953303564,0.0
zone_24,zone_12,60.29624342491375,0.0,0.0
zone_24,zone_22,130.83001630081046,0.0,0.0
zone_24,zone_24,5.596733371291663e-258,0.0,2111.6588628775507
zone_24,zone_3,0.006648500639261,58.67447578768169,0.0
zone_24,zone_30,6.021069082822705e-260,9.89328334626576,0.0
zone_24,zone_35,0.049223897367790356,55.665297129319654,0.0
zone_24,zone_36,0.014896496899447519,122.75314896535805,0.0
zone_24,zone_37,0.07180640007117799,614.4971351663067,478.2717346509826
zone_24,zone_38,0.010769615522019107,53.5976034567585,0.0
zone_24,zone_42,0.026415942120990396,142.35094685745057,0.0
zone_24,zone_43,0.032744756778425144,525.0679417751977,339.499479153217
zone_24,zone_44,0.06692691030565935,492.06238224697523,0.0
zone_24,zone_46,0.0056342563539790134,75.78666545036782,0.0
zone_24,zone_47,63.075952417336495,0.0,0.0
zone_24,zone_48,0.025215958602096702,56.43735863840966,0.0
zone_24,zone_5,56.97379651565247,0.0,0.0
zone_24,zone_53,0.00815842751924287,52.08759934246925,0.0
zone_24,zone_55,0.02252655821966038,113.89224060718405,0.0
zone_24,zone_56,0.003865521414793505,1522.6677323417416,0.0
zone_24,zone_6,0.01788557170729459,136.27041137253048,0.0
zone_24,zone_9,0.02258515934717315,56.583086094322,0.0
zone_25,zone_1,0.059784703324586505,297.9558880990411,0.0
zone_25,zone_10,0.0431571121613087,89.87660276177884,0.0
zone_25,zone_17,590.0877290489263,0.0,0.0
zone_25,zone_22,0.006771387699856702,57.006696875521435,0.0
zone_25,zone_25,0.33919603112151425,0.0,15336.787543727638
zone_25,zone_29,0.04023420681563198,50.069407790832145,0.0
zone_25,zone_3,0.016550879612691485,102.90243127604793,0.0
zone_25,zone_30,0.004549386343857611,49.59599478400405,0.0
zone_25,zone_32,64.70047284282647,0.0,0.0
zone_25,zone_36,0.007999139953562677,119.6091223315043,0.0
zone_25,zone_37,0.02548967914517876,151.91356443096043,0.0
zone_25,zone_38,8.691742544517419e-260,18.32885711553327,16.078210485349636
zone_25,zone_42,0.04149837818912246,83.4614876912053,0.0
zone_25,zone_43,0.024193759507495548,422.630627366557,254.51659702691063
zone_25,zone_44,0.03201249637635698,451.78613066237676,337.37584542554714
zone_25,zone_46,0.008357959122386639,44.857488140512025,0.0
zone_25,zone_5,0.05303204174316907,49.82657267065801,0.0
zone_25,zone_53,0.00787329847364817,91.30689103611707,0.0
zone_25,zone_55,0.009014143592883241,1812.6725323557216,0.0
zone_25,zone_56,0.006657207574833468,52.25424011223925,0.0
zone_25,zone_57,0.0040249714696409065,50.16904115306578,0.0
zone_25,zone_6,3.5215359771934977e-259,90.88212800688824,0.0
zone_26,zone_2,261.8823211484931,0.0,0.0
zone_26,zone_26,0.07585995454118336,0.0,1670.9266938969677
zone_26,zone_31,712.946624864181,0.0,0.0
zone_26,zone_35,38.84427200143332,0.0,0.0
zone_26,zone_51,1181.0939781343861,0.0,0.0
zone_28,zone_0,1.2819710319789929e-259,14.70471728535246,0.0
zone_28,zone_1,5.604924076196921e-259,34.63088439415695,0.0
zone_28,zone_13,568.7448634868418,0.0,0.0
zone_28,zone_2,164.34189070973815,0.0,0.0
zone_28,zone_33,1.1252373345719503e-259,5.224132732395819,0.0
zone_28,zone_35,6.088060654775289e-260,4.870213875967985,0.0
zone_28,zone_45,2.5295822780381958e-259,19.959682498697717,0.0
zone_28,zone_47,7.038837525367094e-260,5.047956937754965,0.0
zone_28,zone_8,319.9653850527778,0.0,0.0
zone_29,zone_0,0.2839889195638662,152.81715065664724,0.0
zone_29,zone_1,0.11673766620149471,587.6557359929246,0.0
zone_29,zone_11,0.18262250180490147,707.2803247939985,0.0
zone_29,zone_16,0.008801347512201128,46.05421361113455,0.0
zone_29,zone_17,49.69011318521723,0.0,0.0
zone_29,zone_21,0.10121786375874531,98.60856223369827,0.0
zone_29,zone_22,0.03776730160446132,61.242119719251264,0.0
zone_29,zone_23,0.0069145065502517426,86.51220582030913,66.62445090144733
zone_29,zone_25,0.0243060874618822,107.32585597089815,0.0
zone_29,zone_29,0.03432531124442877,0.0,17166.790014607923
zone_29,zone_3,0.10567030039352529,886.0180076535311,0.0
zone_29,zone_30,0.022870076098336894,106.69013888765356,0.0
zone_29,zone_31,0.5480749837463124,3806.708594152748,0.0
zone_29,zone_32,3217.6520261241103,0.0,0.0
zone_29,zone_35,0.19695131029274401,52.83929436052723,0.0
zone_29,zone_37,0.302290330356104,435.96397135488826,0.0
zone_29,zone_39,1038.765950766466,0.0,0.0
zone_29,zone_4,6371.04551196959,0.0,0.0
zone_29,zone_42,0.02233402763775077,135.26976930182732,0.0
zone_29,zone_43,0.018408860198837113,96.41088269737656,0.0
zone_29,zone_46,0.035508094140744045,145.13914082058994,0.0
zone_29,zone_48,0.17006355556541258,212.72476935173032,0.0
zone_29,zone_49,0.20594506045779523,1805.734275654513,0.0
zone_29,zone_51,0.14336684756832807,1164.823702222008,0.0
zone_29,zone_52,1.1072855245224549e-262,0.001,0.0
zone_29,zone_53,0.024725011915972005,147.37107847571662,0.0
zone_29,zone_56,0.050881291208270826,336.9413438723562,0.0
zone_29,zone_6,0.03901630764157155,109.52937524302519,0.0
zone_29,zone_9,0.01643776122828824,53.82568769479016,0.0
zone_3,zone_0,0.23743766669321573,156.58495844205044,0.0
zone_3,zone_1,0.12334753875142651,1313.035072653148,0.0
zone_3,zone_11,0.06482107886097656,155.12971612755294,0.0
zone_3,zone_12,0.06316615525719234,58.11898331584631,0.0
zone_3,zone_13,0.623113418808314,102.73927667394554,0.0
zone_3,zone_16,0.005794405052688591,54.024826568917426,40.26806341699502
zone_3,zone_17,1442.713553695869,0.0,0.0
zone_3,zone_20,0.053629825675544834,314.04678032821306,0.0
zone_3,zone_21,0.04917410617113624,50.5345583446893,0.0
zone_3,zone_24,0.016895121633803568,59.71811835387662,0.0
zone_3,zone_25,0.006907128598381487,54.80651831515026,0.0
zone_3,zone_29,0.06973983555722203,608.4364890877758,0.0
zone_3,zone_3,2.945247057075305e-257,0.0,11112.476937599287
zone_3,zone_30,0.05742357808713678,0.0,1115.485799238632
zone_3,zone_31,0.1363621844683207,573.1449758282332,0.0
zone_3,zone_32,98.79341310152623,0.0,0.0
zone_3,zone_36,0.017993613476650547,109.56167745773983,0.0
zone_3,zone_37,0.06944174582284539,222.94722166455702,0.0
zone_3,zone_39,0.052439929556113526,50.81994805113233,0.0
zone_3,zone_4,0.04725584840985344,51.446705065221664,0.0
zone_3,zone_41,0.14564125259483032,49.42798503421318,0.0
zone_3,zone_42,0.06472564241526978,414.3274775571967,0.0
zone_3,zone_43,0.06820253008631355,641.9149236709931,0.0
zone_3,zone_44,0.017493153341259934,95.3023987029589,0.0
zone_3,zone_45,0.04232882687137077,50.30401108865159,0.0
zone_3,zone_46,0.007165124891565308,49.543447825101495,0.0
zone_3,zone_47,0.07302119181080735,122.10636349279861,0.0
zone_3,zone_48,0.21323996503404544,326.8926324877919,0.0
zone_3,zone_49,0.0681422321098945,662.7733132619622,642.5761706285161
zone_3,zone_51,795.1852884150281,0.0,0.0
zone_3,zone_53,0.1038397055714874,0.0,955.8340632929323
zone_3,zone_54,0.0974676790294597,571.92790808674,0.0
zone_3,zone_56,0.03887601434716382,0.0,345.0224661516867
zone_3,zone_57,0.006299615083874236,55.193107694412696,0.0
zone_3,zone_6,0.02183672259464915,112.33673407910571,0.0
zone_3,zone_9,0.5472582381166826,2371.402838072137,0.0
zone_30,zone_0,0.07418650186827404,48.55390641625085,0.0
zone_30,zone_1,0.03314448235982232,357.7055609069419,0.0
zone_30,zone_11,0.11366837986130657,96.20422286403296,0.0
zone_30,zone_13,0.29651310511297296,48.51903458381035,0.0
zone_30,zone_15,0.13275613888654947,50.4496602804648,0.0
zone_30,zone_17,448.25148373925117,0.0,0.0
zone_30,zone_19,0.048130922672395327,48.54168053680008,0.0
zone_30,zone_20,0.02121048232750504,206.62886179377878,0.0
zone_30,zone_22,0.01639927978447211,59.25234129078913,0.0
zone_30,zone_24,1.4376848761061792e-263,0.0010000000000000002,0.0
zone_30,zone_25,0.005349684378508926,51.78769099183808,0.0
zone_30,zone_29,0.032411138441453234,103.65129193558289,0.0
zone_30,zone_3,0.05610589566937747,0.0,857.5915554362779
zone_30,zone_30,8.557294231262691e-258,0.0,3228.68448555848
zone_30,zone_31,0.03586421671615959,53.32033019626195,0.0
zone_30,zone_32,30.661721073978704,0.0,0.0
zone_30,zone_36,0.020213006706951305,153.40856678971497,0.0
zone_30,zone_37,0.016076341821585433,51.970665141415516,0.0
zone_30,zone_38,0.012177768603190555,48.60208248773719,0.0
zone_30,zone_42,0.02077515006667502,86.59950332736551,0.0
zone_30,zone_43,0.020745511385523992,231.69439382083812,0.0
zone_30,zone_44,0.01999666294911724,135.08122159330662,0.0
zone_30,zone_46,0.021519845936434395,185.75257362345795,0.0
zone_30,zone_49,0.01973640864959606,101.15689260794473,0.0
zone_30,zone_5,0.12850742491596687,51.81833228129328,0.0
zone_30,zone_51,0.05411420691022628,279.48104091983845,0.0
zone_30,zone_53,0.03887674577405047,0.0,2621.5470061355945
zone_30,zone_54,0.03344820104600547,305.00197558860134,241.7156442754675
zone_30,zone_56,0.022961624779059938,0.0,214.7845398306837
zone_30,zone_7,0.16521115599568745,49.994755516798165,0.0
zone_30,zone_9,0.19640192401245524,1344.0999499319798,0.0
zone_31,zone_11,2.134151331007047,0.0,20140.68725903102
zone_31,zone_13,11529.303332762242,0.0,0.0
zone_31,zone_17,232.73522282708294,0.0,0.0
zone_31,zone_22,0.06467254646516714,62.29445701335231,0.0
zone_31,zone_28,301.96590327293654,0.0,0.0
zone_31,zone_29,1.167460569590376,3514.9393150301476,0.0
zone_31,zone_3,0.011086201020453705,55.405581625859824,0.0
zone_31,zone_30,0.008355184015963121,53.337647506896744,0.0
zone_31,zone_31,0.005091561694554503,0.0,17375.15032676448
zone_31,zone_32,25.380718617357594,0.0,0.0
zone_31,zone_35,0.35835410416425095,52.75344903248115,0.0
zone_31,zone_36,2.6903484268349825e-263,0.001,0.0
zone_31,zone_4,0.6842673394544668,250.65744175107724,0.0
zone_31,zone_49,0.0590581534668226,106.3407581554269,0.0
zone_31,zone_51,0.5699569646445025,4471.796131681041,0.0
zone_31,zone_53,0.014905122075455256,98.42664424108301,0.0
zone_31,zone_54,0.010770813814821461,50.85374497121537,0.0
zone_31,zone_9,0.10824457969699938,377.54848071887886,0.0
zone_32,zone_0,0.032796211660206735,106.63515664715875,0.0
zone_32,zone_13,4493.392543758287,0.0,0.0
zone_32,zone_17,312.0068843085642,0.0,0.0
zone_32,zone_19,210.81903097554846,0.0,0.0
zone_32,zone_2,2038.8518615195626,0.0,0.0
zone_32,zone_36,3.690992785759111e-263,0.0010000000000000002,0.0
zone_32,zone_39,51.873179603905406,0.0,0.0
zone_32,zone_45,0.009753704743339463,56.52304697798157,0.0
zone_32,zone_7,0.018648721076925164,108.84004321040771,0.0
zone_32,zone_8,3290.5765609400496,0.0,0.0
zone_33,zone_10,0.18189803185034992,2860.719218150762,1862.433700471902
zone_33,zone_11,6470.569906249996,0.0,0.0
zone_33,zone_33,0.0051737715664700165,0.0,113.95990243899539
zone_33,zone_35,0.2772092005811785,402.89853757598826,0.0
zone_33,zone_36,0.007234773030457101,58.12151673793406,0.0
zone_33,zone_38,0.01027908650846039,110.24099096823026,0.0
zone_33,zone_40,545.7916178320189,0.0,0.0
zone_33,zone_44,0.018847801368088724,50.759798521612986,0.0
zone_33,zone_5,291.8711702004707,0.0,0.0
zone_33,zone_52,56.634251278787495,0.0,0.0
zone_33,zone_55,0.009297762226540947,116.62926164616479,0.0
zone_35,zone_0,0.5932025277032497,1012.1023944146788,0.0
zone_35,zone_1,0.0069797722019345415,48.13412136016871,0.0
zone_35,zone_10,0.04473536539059602,709.6571911196825,0.0
zone_35,zone_12,0.15306419845500274,1456.8105229004343,0.0
zone_35,zone_13,0.7226282230363756,90.30249819310399,0.0
zone_35,zone_15,5506.232144957187,0.0,0.0
zone_35,zone_17,5062.318629839713,0.0,0.0
zone_35,zone_19,0.07283047948926379,45.26870679068506,0.0
zone_35,zone_22,0.05010720561895082,500.21417924586177,0.0
zone_35,zone_3,0.00969214405148907,49.91707251572175,0.0
zone_35,zone_32,490.75658877590786,0.0,0.0
zone_35,zone_33,0.021374754318803955,712.3015351137308,0.0
zone_35,zone_35,0.008683032247609019,0.0,22750.26237824359
zone_35,zone_36,1.1124929302803219e-263,0.001,0.0
zone_35,zone_38,0.0064983694736207515,45.70569217608996,0.0
zone_35,zone_40,0.01741636393991958,41.51468862017115,0.0
zone_35,zone_41,0.12022377692138735,175.46938350279044,0.0
zone_35,zone_44,0.047831348083569813,294.2938072678007,0.0
zone_35,zone_47,0.2274046006919052,1772.5399502620332,0.0
zone_35,zone_5,15705.021642457536,0.0,0.0
zone_35,zone_52,0.053544237218031976,703.4571273698139,471.8656125595688
zone_35,zone_56,0.0057819280037010095,50.69050203356036,0.0
zone_35,zone_7,0.2103042921021687,46.727179634886355,0.0
zone_36,zone_1,0.05466523335045524,56.75266593253337,0.0
zone_36,zone_10,0.23120466024340994,513.2176181978675,0.0
zone_36,zone_13,14.488527122140928,0.0,0.0
zone_36,zone_20,923.0733680440151,0.0,0.0
zone_36,zone_22,0.06432530854725974,65.05836345305632,0.0
zone_36,zone_29,0.6819678479202953,171.38181999182257,0.0
zone_36,zone_3,0.15246440989535984,176.2116721592925,0.0
zone_36,zone_30,0.05815188560638851,113.12466323651132,0.0
zone_36,zone_31,3.3239849618271377e-262,0.001,0.0
zone_36,zone_32,0.001,0.0,0.0
zone_36,zone_35,3.530824971670119e-262,0.0010000000000000002,0.0
zone_36,zone_36,1.7694537289879215e-258,0.0,667.6184841027612
zone_36,zone_37,0.3200421201359771,231.31608338625912,0.0
zone_36,zone_38,0.08079909523323162,810.4426974376978,0.0
zone_36,zone_39,4.745764620439825,0.0,0.0
zone_36,zone_4,23.76010864889905,0.0,0.0
zone_36,zone_41,12365.066023029156,0.0,0.0
zone_36,zone_42,1.7407241077899388e-262,0.0010000000000000002,0.0
zone_36,zone_43,0.12318119846835968,511.9890131887349,0.0
zone_36,zone_44,0.2566069209874199,593.8050490177411,0.0
zone_36,zone_46,4316.88373153778,0.0,0.0
zone_36,zone_47,0.10937606451240314,63.18184517315598,0.0
zone_36,zone_5,0.508328951859787,56.56927792436873,0.0
zone_36,zone_53,0.07561964843281944,156.4964203295094,0.0
zone_36,zone_54,755.0667847535578,0.0,0.0
zone_36,zone_55,0.12080647323481973,1717.034525763149,0.0
zone_36,zone_56,0.04262603680561802,59.651517368882416,0.0
zone_36,zone_57,0.025615079751655483,57.28373776225464,0.0
zone_36,zone_6,0.032217766800933495,491.90238907173955,284.88534288256454
zone_36,zone_7,31.73239988654,0.0,0.0
zone_36,zone_9,1.2790099007292066,1028.5490502259318,0.0
zone_37,zone_0,738.9542356524146,0.0,0.0
zone_37,zone_1,0.2581192412889315,2145.6198512498845,1774.659411169925
zone_37,zone_12,275.3536994241344,0.0,0.0
zone_37,zone_13,341.01709493852167,0.0,0.0
zone_37,zone_15,51.27703644073104,0.0,0.0
zone_37,zone_16,0.011214340142662793,44.45587348686166,0.0
zone_37,zone_19,0.17797519929260402,242.51226798779666,0.0
zone_37,zone_20,0.020642838749077644,49.352628702806335,0.0
zone_37,zone_21,143.02089428764646,0.0,0.0
zone_37,zone_22,775.889827189919,0.0,0.0
zone_37,zone_24,0.08483186838612684,727.618226044387,0.0
zone_37,zone_25,0.0279827856721091,263.66800132679055,0.0
zone_37,zone_28,57.85976397245205,0.0,0.0
zone_37,zone_29,0.13171611696706356,417.0098727105962,0.0
zone_37,zone_3,0.13182087025538836,534.6960001906176,0.0
zone_37,zone_30,0.011307248253567721,51.61689145922381,0.0
zone_37,zone_31,0.030969407763050082,54.05793576771833,0.0
zone_37,zone_35,0.06027720131561813,102.34408292719901,0.0
zone_37,zone_36,0.016343332654654475,123.21354862655042,0.0
zone_37,zone_37,0.01672600593231728,0.0,18630.69511015936
zone_37,zone_38,0.007269385506389237,87.3174914873916,0.0
zone_37,zone_42,0.2712703771234112,1127.5406580366703,0.0
zone_37,zone_43,0.36833854906029145,1907.945055801046,0.0
zone_37,zone_44,0.16325228014000565,1323.514492407584,0.0
zone_37,zone_45,47.038957272708565,0.0,0.0
zone_37,zone_47,350.5387055477672,0.0,0.0
zone_37,zone_48,2723.4655107443905,0.0,0.0
zone_37,zone_49,0.16647325049653222,666.525443512004,0.0
zone_37,zone_5,0.2816267846635021,207.25307042418126,0.0
zone_37,zone_50,0.019918950974945164,81.12754020817283,0.0
zone_37,zone_51,0.050468106600354064,93.67460247776907,0.0
zone_37,zone_54,0.042807475142848675,146.99929283400945,0.0
zone_37,zone_55,0.005709613646132838,593.5730066209918,0.0
zone_37,zone_56,0.08118243852224508,605.7180363353187,0.0
zone_37,zone_57,0.032700697159388,156.14489024270807,0.0
zone_37,zone_6,0.0068685880251754955,72.67199358855511,0.0
zone_37,zone_7,50.06518487331072,0.0,0.0
zone_37,zone_9,0.03707978089891176,51.939598766841904,0.0
zone_38,zone_1,0.02990347811967531,52.89129446968983,0.0
zone_38,zone_10,2003.7293289237855,0.0,0.0
zone_38,zone_12,0.1257620642502126,112.67186515083102,0.0
zone_38,zone_13,117.06253146610315,0.0,0.0
zone_38,zone_20,0.06150731652291303,100.84562365916902,0.0
zone_38,zone_21,0.24651403364775887,48.314271970693454,0.0
zone_38,zone_22,0.02158113211698698,61.23309836118483,0.0
zone_38,zone_24,0.016432993462591746,56.86330288375706,0.0
zone_38,zone_25,0.004776463988619109,0.0,53.0107786237214
zone_38,zone_28,10.02085188359146,0.0,0.0
zone_38,zone_31,0.24987736899485832,54.845563668165475,0.0
zone_38,zone_36,0.07947300883965662,901.3307770763549,0.0
zone_38,zone_37,0.04939725652810188,107.3132991132529,0.0
zone_38,zone_38,2.144359530219617e-257,0.0,8090.7120400112035
zone_38,zone_39,105.42515038927856,0.0,0.0
zone_38,zone_4,345.54661271846464,0.0,0.0
zone_38,zone_40,45.31461121829783,0.0,0.0
zone_38,zone_42,0.06329629049310187,44.29845610722534,0.0
zone_38,zone_43,0.06718323774606305,333.1050876779068,0.0
zone_38,zone_44,1425.1953475292457,0.0,0.0
zone_38,zone_46,0.06900037501457527,287.12418670571253,0.0
zone_38,zone_47,0.03600220243755615,58.6105889677093,0.0
zone_38,zone_48,0.3226243620912687,105.06910937687613,0.0
zone_38,zone_49,0.0790712883225663,52.51705901477253,0.0
zone_38,zone_5,0.33478439365591406,106.01118433575344,0.0
zone_38,zone_53,0.04546202636149251,145.56700916014867,0.0
zone_38,zone_54,0.028421884145029892,49.93522632562215,0.0
zone_38,zone_55,0.1268923396536873,3031.797111714597,2634.9299312200924
zone_38,zone_6,0.04061619668201108,547.5972084910226,333.2920511901003
zone_38,zone_7,293.00518096041225,0.0,0.0
zone_38,zone_9,0.038932689061918484,52.96667486470299,0.0
zone_39,zone_19,1317.7573854135694,0.0,0.0
zone_39,zone_29,0.03109469234994656,218.04566776100395,0.0
zone_39,zone_39,0.006793097884058819,0.0,149.62793818399547
zone_39,zone_4,0.8216645118108841,0.0,7584.5199563393935
zone_39,zone_5,9270.810500000003,0.0,0.0
zone_4,zone_1,0.012337282037306371,50.584447366043584,0.0
zone_4,zone_11,0.030053591378100025,47.75876632444865,0.0
zone_4,zone_13,16545.090218750003,0.0,0.0
zone_4,zone_17,94.04051091719113,0.0,0.0
zone_4,zone_19,190.1952033526732,0.0,0.0
zone_4,zone_24,0.03667761047187741,55.072295752775304,0.0
zone_4,zone_29,0.9058149651573515,7916.9750143040355,0.0
zone_4,zone_3,0.038324715749095385,261.907472870666,0.0
zone_4,zone_31,0.2786638106594489,794.16301605131,0.0
zone_4,zone_36,2.0065268157164633e-263,0.001,0.0
zone_4,zone_37,0.08771335832559712,103.02612190265067,0.0
zone_4,zone_39,0.5673153290702209,0.0,5382.148654252238
zone_4,zone_4,0.02801608789612599,0.0,617.0954017483177
zone_4,zone_43,0.02136415154770221,91.19300760669995,0.0
zone_4,zone_48,0.049369075933747994,50.33198152139467,0.0
zone_4,zone_49,0.08435458301990609,602.8287207613047,0.0
zone_4,zone_51,0.0413126434219072,137.6891769406226,0.0
zone_4,zone_53,0.013355446369661001,46.47136224490597,0.0
zone_4,zone_9,0.03767181142624817,50.925341109882964,0.0
zone_40,zone_10,0.5762299848066793,2114.0909035964946,0.0
zone_40,zone_15,49.15743588522337,0.0,0.0
zone_40,zone_19,9.459826980488774,0.0,0.0
zone_40,zone_29,20.13431574650219,0.0,0.0
zone_40,zone_31,3012.2904822730097,0.0,0.0
zone_40,zone_33,589.0131610503216,0.0,0.0
zone_40,zone_38,0.019255958485645746,47.45768885607119,0.0
zone_40,zone_40,0.0019210634743784712,0.0,42.314238908049944
zone_40,zone_5,100.69105339183942,0.0,0.0
zone_40,zone_52,48.7844759572915,0.0,0.0
zone_40,zone_55,0.017151797485560404,49.761108550456,0.0
zone_41,zone_0,0.7240265211464293,0.0,6875.615387644391
zone_41,zone_10,2.0887479366762723e-257,1598.8236796517456,0.0
zone_41,zone_12,2.821817875191967e-258,188.94048091208438,0.0
zone_41,zone_13,0.27852666597113873,674.0188234742328,0.0
zone_41,zone_15,0.011719124409780188,50.62143613366658,0.0
zone_41,zone_21,0.024887066338752633,47.059976784645364,0.0
zone_41,zone_22,6.466846925890506e-260,4.773623664232687,0.0
zone_41,zone_33,4.4989269238809334e-257,3553.426604595131,0.0
zone_41,zone_35,0.006374268139797387,1572.1244775839677,0.0
zone_41,zone_45,0.02775643636681939,93.3922868495444,0.0
zone_41,zone_47,0.03990809222581801,1017.029076758537,0.0
zone_41,zone_48,0.05493742651781264,152.37140026599235,0.0
zone_41,zone_5,0.014774313947449661,51.32793742563212,0.0
zone_41,zone_50,0.04128209826528616,80.17042694896546,0.0
zone_41,zone_52,0.00693675405852516,700.6800796411397,0.0
zone_41,zone_7,0.06616154421402706,148.85959030186638,0.0
zone_42,zone_0,333.17944566893044,0.0,0.0
zone_42,zone_1,0.08828453213672736,757.6933936552218,662.9956081359151
zone_42,zone_13,82.42346878704474,0.0,0.0
zone_42,zone_16,2.101306638673802e-259,32.618229178848864,0.0
zone_42,zone_21,40.4438016910866,0.0,0.0
zone_42,zone_24,0.014829193968116893,47.437951497290896,0.0
zone_42,zone_29,0.043000343313068075,358.1548916359059,0.0
zone_42,zone_3,0.07405120322404674,668.4577836771105,0.0
zone_42,zone_30,2.796715963781306e-259,35.76552768304924,0.0
zone_42,zone_31,0.010012987850047589,45.58040026076313,0.0
zone_42,zone_36,2.245043926686381e-259,16.162872221999834,0.0
zone_42,zone_37,845.559094971921,0.0,0.0
zone_42,zone_4,0.040090690722678964,41.01826371127877,0.0
zone_42,zone_41,0.04170871007290738,39.654335969151916,0.0
zone_42,zone_42,1.4179178949171307e-257,0.0,5349.83300257418
zone_42,zone_43,0.018090556558640333,179.72631679042954,0.0
zone_42,zone_44,0.007810593350291364,38.15585595038083,0.0
zone_42,zone_45,79.9890612763766,0.0,0.0
zone_42,zone_46,0.016726211615443107,99.21647308581676,0.0
zone_42,zone_47,0.0325485706700738,48.704572350439996,0.0
zone_42,zone_48,565.5855436073717,0.0,0.0
zone_42,zone_49,0.013919709653598613,145.10937324479693,115.18656782396066
zone_42,zone_50,0.013607322333094536,0.0,142.7851175745323
zone_42,zone_51,0.00782450715834518,39.52355906384071,0.0
zone_42,zone_53,0.007156119858928346,70.88307659407002,0.0
zone_42,zone_54,0.03333315945495494,130.15218380971535,0.0
zone_42,zone_56,0.011897410565825581,91.73570142206937,0.0
zone_42,zone_57,7.630730765801666e-260,10.902851827026463,0.0
zone_42,zone_6,0.010493793310028149,49.94279347083935,0.0
zone_42,zone_7,84.88504122290723,0.0,0.0
zone_42,zone_9,0.019053293479603977,44.11176907748277,0.0
zone_43,zone_0,0.15454522727714506,90.06724662244416,0.0
zone_43,zone_1,0.13835146597151557,690.9100883855738,867.1714226094424
zone_43,zone_10,0.216599203146424,213.40481536237058,0.0
zone_43,zone_12,0.14112877802821852,302.66784596906234,0.0
zone_43,zone_13,1.087311780997285,88.1212462132031,0.0
zone_43,zone_15,0.0655446760511271,46.82018721421207,0.0
zone_43,zone_16,0.006814090090297845,429.49694214875916,246.78685098981046
zone_43,zone_17,1941.269407365147,0.0,0.0
zone_43,zone_20,0.030711993700707495,265.43361750910543,0.0
zone_43,zone_21,0.09385041136695935,43.49706779641616,0.0
zone_43,zone_22,0.007984377487535442,54.22979359621028,0.0
zone_43,zone_24,0.03922463797289198,296.77279905858825,267.55864168820216
zone_43,zone_25,0.029074318989611735,1344.5664181234565,810.1746986989906
zone_43,zone_29,0.1183601933643277,190.96843228873186,0.0
zone_43,zone_3,0.06574527044993539,489.6100950712164,0.0
zone_43,zone_30,0.01876738875920287,397.50302749276716,0.0
zone_43,zone_31,0.08655043187721255,98.90532002117799,0.0
zone_43,zone_32,185.47888920436225,0.0,0.0
zone_43,zone_33,0.04128928979622978,46.42255414548681,0.0
zone_43,zone_35,0.08338871268804723,93.67850285064634,0.0
zone_43,zone_36,0.0913610581850327,5067.021325868108,0.0
zone_43,zone_37,0.3973620654616871,1879.229591123408,0.0
zone_43,zone_38,0.09393869017079057,543.6039178745268,0.0
zone_43,zone_39,0.24223116349559445,43.41715962918223,0.0
zone_43,zone_40,0.3423124937331279,80.29053339397649,0.0
zone_43,zone_41,0.07517285640437613,42.79066766303382,0.0
zone_43,zone_42,0.09562718154094148,198.63686496215865,0.0
zone_43,zone_43,1.4789281504387698e-258,0.0,558.0025935222246
zone_43,zone_44,0.05841537623287377,807.6998797457027,0.0
zone_43,zone_45,0.0741458245212621,43.312197550807895,0.0
zone_43,zone_46,0.09615439179624743,599.1610764778534,0.0
zone_43,zone_47,0.027017248778623732,105.23070652007102,0.0
zone_43,zone_48,0.3743016160963475,282.04302826008916,0.0
zone_43,zone_49,0.06530131676967481,187.62996861753555,0.0
zone_43,zone_5,0.12526259074088952,94.949514814585,0.0
zone_43,zone_51,0.016276412326716214,85.79876055139447,0.0
zone_43,zone_52,0.021060943140760454,46.50894655117029,0.0
zone_43,zone_53,0.022732433681575397,543.2358720308389,0.0
zone_43,zone_54,0.036342293300802984,306.09447713321,0.0
zone_43,zone_55,0.07460940960781548,814.8655544082959,0.0
zone_43,zone_56,0.031562299315658834,294.043973005494,202.02727104000908
zone_43,zone_57,0.014994226585846081,635.5920026331727,347.53201583337807
zone_43,zone_6,0.06099804233843248,4731.994278553044,0.0
zone_43,zone_9,0.1508256350172058,862.0153646519951,0.0
zone_44,zone_1,0.18045236185549998,816.2865696895311,0.0
zone_44,zone_10,0.08688439204159701,122.92659873485734,0.0
zone_44,zone_12,0.5299376081438089,1065.990512968852,0.0
zone_44,zone_16,5.998898466863988e-264,0.001,0.0
zone_44,zone_17,832.4842262556522,0.0,0.0
zone_44,zone_19,0.1159151531050214,42.53166411585655,0.0
zone_44,zone_20,0.009728892560942635,43.464032461183415,0.0
zone_44,zone_21,0.07735129673873757,41.787684060979664,0.0
zone_44,zone_22,0.2064361963336366,1315.1056149527806,0.0
zone_44,zone_24,0.07451209316232517,589.6866201504246,0.0
zone_44,zone_25,0.01781418381294004,268.44146002061916,202.64521612908226
zone_44,zone_29,0.04978722590974004,45.87182521835004,0.0
zone_44,zone_3,0.03530046783092824,141.08042683016137,0.0
zone_44,zone_30,0.006034409988667304,45.331740362907844,0.0
zone_44,zone_32,108.9570579110111,0.0,0.0
zone_44,zone_33,0.03845906827976871,44.696643576276315,0.0
zone_44,zone_35,0.37458040564373196,404.86268722254846,0.0
zone_44,zone_36,0.06468480836480067,543.9556189797023,0.0
zone_44,zone_37,0.30366210411973316,1481.1671999882215,0.0
zone_44,zone_38,0.11888101196485786,997.6715246404666,0.0
zone_44,zone_41,0.07694949821821469,41.10570899920362,0.0
zone_44,zone_42,0.03682639974516847,76.28568762944184,0.0
zone_44,zone_43,0.08093158266446145,1023.4512951798908,0.0
zone_44,zone_44,0.0035941134156003756,0.0,11776.991568013358
zone_44,zone_46,0.11015155993520394,410.4490296307825,0.0
zone_44,zone_47,0.17977604615016615,657.115350530767,0.0
zone_44,zone_48,0.15562738357796935,135.35863326285335,0.0
zone_44,zone_49,0.05524053522436698,90.15471550377904,0.0
zone_44,zone_5,0.6409262256454598,455.67719710831705,0.0
zone_44,zone_50,0.03277287806455491,35.83080588383793,0.0
zone_44,zone_52,0.021309294628405737,44.13728902933349,0.0
zone_44,zone_53,0.005055821897260399,41.6969969801284,0.0
zone_44,zone_55,0.064769445666304,917.3776984712393,0.0
zone_44,zone_56,0.041042234931201065,285.96996133796205,0.0
zone_44,zone_57,0.005041959958415763,45.85116245275013,0.0
zone_44,zone_6,0.04552789403580517,470.43869052753115,0.0
zone_45,zone_0,0.08688458658313357,0.0,606.4261241603504
zone_45,zone_1,0.00851415666181035,63.429418152327926,0.0
zone_45,zone_13,546.306048673779,0.0,0.0
zone_45,zone_19,499.0556186505837,0.0,0.0
zone_45,zone_21,0.04623374374966945,0.0,442.06506239107523
zone_45,zone_29,0.008412379348688706,53.173658592150474,0.0
zone_45,zone_3,0.019223162893561133,110.45420145896503,0.0
zone_45,zone_37,0.012206887510720578,54.376309461771335,0.0
zone_45,zone_42,0.006139191279180349,44.40016545168049,0.0
zone_45,zone_43,0.022349102652750943,95.01561010726182,0.0
zone_45,zone_44,0.0210308439788371,46.4715264148334,0.0
zone_45,zone_45,9.11182575211213e-258,0.0,3437.9103541255286
zone_45,zone_46,0.02016366477926389,47.59659263891018,0.0
zone_45,zone_47,0.03821692998947566,118.70893659405125,0.0
zone_45,zone_48,0.03589394518292539,0.0,375.29112514220196
zone_45,zone_49,0.00727327008992575,52.28252520127261,0.0
zone_45,zone_50,0.025768632007891413,0.0,209.1588560452252
zone_45,zone_7,103.04855624132011,0.0,0.0
zone_46,zone_1,0.025183035685475672,49.27912092628415,0.0
zone_46,zone_10,0.2544820278863245,311.2757657098247,0.0
zone_46,zone_13,509.511522867262,0.0,0.0
zone_46,zone_16,0.026514285210766698,129.87004834899173,0.0
zone_46,zone_17,10.526832242655123,0.0,0.0
zone_46,zone_20,1035.9481939789416,0.0,0.0
zone_46,zone_25,0.0345702794588321,148.02636064324795,0.0
zone_46,zone_29,0.06303182030008049,49.74793534544966,0.0
zone_46,zone_3,0.10172636187045729,254.92684288810375,0.0
zone_46,zone_30,0.09140592503807603,392.9678496959719,0.0
zone_46,zone_32,5.285655214031257,0.0,0.0
zone_46,zone_33,0.08116731918422744,48.40322623189079,0.0
zone_46,zone_36,0.3559182660343948,3647.8913878671306,0.0
zone_46,zone_37,0.043701944532488615,50.19620867184763,0.0
zone_46,zone_38,0.07619206051441609,421.12279924460654,0.0
zone_46,zone_39,610.6918344704552,0.0,0.0
zone_46,zone_43,0.06290004478974744,310.6510611511757,0.0
zone_46,zone_44,0.13022750763961827,343.21961311383126,0.0
zone_46,zone_46,0.020251513536363123,0.0,12096.421990000452
zone_46,zone_49,0.1058160315501579,97.89709003435456,0.0
zone_46,zone_51,0.07616644939464307,134.0390440045726,0.0
zone_46,zone_53,0.0589864098382557,271.4246759405147,0.0
zone_46,zone_54,0.1819452203813984,0.0,1496.1630156448202
zone_46,zone_55,0.13301578656160779,1038.729872969035,0.0
zone_46,zone_56,258.4546828032966,0.0,0.0
zone_46,zone_57,0.02376037950581552,0.0,198.17932823222137
zone_46,zone_6,0.13726412324601692,1109.3884137013986,0.0
zone_46,zone_7,1272.1569787289516,0.0,0.0
zone_46,zone_9,1834.2407803581614,0.0,0.0
zone_47,zone_0,1908.0415657500791,0.0,0.0
zone_47,zone_1,0.03449786514836703,105.11700366078315,0.0
zone_47,zone_10,0.028909512158159865,95.11377486524418,0.0
zone_47,zone_12,0.07813507651114932,224.63970728420384,0.0
zone_47,zone_13,99.30341135658767,0.0,0.0
zone_47,zone_15,1410.3695186470472,0.0,0.0
zone_47,zone_17,1195.3609197041253,0.0,0.0
zone_47,zone_22,0.0599166215903393,0.0,607.8621625936837
zone_47,zone_24,0.03578530714710566,170.41103373909638,0.0
zone_47,zone_3,0.04430519114065426,108.97658074446136,0.0
zone_47,zone_35,0.20595124683314997,1200.111630933984,0.0
zone_47,zone_36,0.02665306083011212,157.66841113253736,0.0
zone_47,zone_37,0.1557104686762005,1180.0041041511568,0.0
zone_47,zone_38,0.017032728080246827,100.04567164260395,0.0
zone_47,zone_41,478.4372459699488,0.0,0.0
zone_47,zone_43,0.07762175031232678,379.5020759337014,0.0
zone_47,zone_44,0.11290845516294364,779.6329970297012,0.0
zone_47,zone_46,0.018911132787414246,47.570747883322014,0.0
zone_47,zone_47,0.05585653086714835,0.0,11951.51867843663
zone_47,zone_48,52.3667971832102,0.0,0.0
zone_47,zone_5,0.4979036565079746,1268.6912481172762,0.0
zone_47,zone_52,0.0391563113529739,205.12863968659917,0.0
zone_47,zone_55,0.013336817829701798,105.73874497897712,0.0
zone_48,zone_0,3237.837824686288,0.0,0.0
zone_48,zone_1,0.12764584419538735,943.781438510391,0.0
zone_48,zone_13,1871.4489401369228,0.0,0.0
zone_48,zone_19,0.5702885961608621,980.7608905843653,0.0
zone_48,zone_21,1301.0007172085914,0.0,0.0
zone_48,zone_24,0.020889569331907068,56.85888822997388,0.0
zone_48,zone_25,0.01742065725759347,52.284606488597284,0.0
zone_48,zone_29,0.051730725500861344,263.5780188155854,0.0
zone_48,zone_3,0.0583145051614134,270.26212058551556,0.0
zone_48,zone_30,0.03338348547631433,103.98760599063488,0.0
zone_48,zone_32,51.91651803224088,0.0,0.0
zone_48,zone_36,0.020321602732385008,52.03857993031285,0.0
zone_48,zone_37,0.2717731222006005,1064.1732536599616,0.0
zone_48,zone_4,0.15399421503166513,97.9112738533948,0.0
zone_48,zone_41,0.01284885249566113,47.28945212177779,0.0
zone_48,zone_42,0.06354897130207393,394.88461691308885,0.0
zone_48,zone_43,0.07061979017570316,282.36602811908625,0.0
zone_48,zone_45,0.03395240521055816,0.0,334.49897233514184
zone_48,zone_48,0.007074052964614374,0.0,12881.937626588231
zone_48,zone_49,0.02674217026365949,155.41096144398486,0.0
zone_48,zone_50,452.6062184883413,0.0,0.0
zone_48,zone_54,0.031795086302953905,49.538986457919734,0.0
zone_48,zone_55,0.02665264784855298,52.41557312166813,0.0
zone_48,zone_56,0.016006628029965997,54.77165319751904,0.0
zone_48,zone_7,354.99915991665114,0.0,0.0
zone_48,zone_9,0.05502010012061415,52.51957129289103,0.0
zone_49,zone_0,0.20672303020311636,153.86569675100543,0.0
zone_49,zone_1,0.12441225502347864,873.8715100404054,0.0
zone_49,zone_11,0.01798198378134564,50.80917663670445,0.0
zone_49,zone_13,1.0859540795511404,202.08467528484522,0.0
zone_49,zone_16,0.004626871947441556,114.6593575527542,0.0
zone_49,zone_20,0.014997105875214333,55.88436247709536,0.0
zone_49,zone_21,99.37071680245771,0.0,0.0
zone_49,zone_24,0.032944707264874064,115.60517737539257,0.0
zone_49,zone_29,0.17869230403096406,1635.6081300362123,0.0
zone_49,zone_3,0.15852405521851157,0.0,2563.062004108242
zone_49,zone_30,0.019450816870597583,237.769520202906,0.0
zone_49,zone_31,0.05559519548615997,281.71773058188614,0.0
zone_49,zone_35,0.10234834448144331,53.30684578145751,0.0
zone_49,zone_36,3.161433542156121e-259,27.06132378818539,0.0
zone_49,zone_37,0.3301008132851317,658.1579717669917,0.0
zone_49,zone_39,0.09783242565283506,99.1856141454046,0.0
zone_49,zone_4,0.22146318198913822,252.23031618535737,0.0
zone_49,zone_42,0.031807255950259426,0.0,271.40528573987166
zone_49,zone_43,0.019112226088572253,222.02787666460927,0.0
zone_49,zone_44,0.03185581545632536,187.54726894237118,0.0
zone_49,zone_45,0.036862596057055864,49.443000731787535,0.0
zone_49,zone_46,0.02608041258956319,217.97693647730998,0.0
zone_49,zone_48,0.15472220308198054,267.6958820044528,0.0
zone_49,zone_49,1.8057922558972763e-257,0.0,6813.290840762496
zone_49,zone_51,0.017009226197456345,97.70352575097658,0.0
zone_49,zone_53,0.007978297966173073,83.87939249766396,0.0
zone_49,zone_54,0.012356547079900573,51.1369669035897,0.0
zone_49,zone_56,0.024733438087650654,255.54274819780107,0.0
zone_49,zone_57,0.005882940944088708,127.40994227358237,0.0
zone_49,zone_6,5.36386147248069e-260,4.460514380112215,0.0
zone_49,zone_7,52.427587360442914,0.0,0.0
zone_49,zone_9,0.16918060678845803,433.54387927213605,0.0
zone_5,zone_0,0.6877911912954796,435.9217834478154,0.0
zone_5,zone_1,0.02080701035325786,50.75119763502249,0.0
zone_5,zone_10,0.139111753344351,734.3008050576193,0.0
zone_5,zone_12,0.25415843637258895,1193.2122399077557,0.0
zone_5,zone_13,4088.782238481064,0.0,0.0
zone_5,zone_15,1563.5081429704687,0.0,0.0
zone_5,zone_17,59.41906472216211,0.0,0.0
zone_5,zone_22,0.11627606010552097,410.3042660498584,0.0
zone_5,zone_24,0.04511860206906404,164.5184756619521,0.0
zone_5,zone_28,107.37729449071563,0.0,0.0
zone_5,zone_3,0.028855557594572662,52.51342831899848,0.0
zone_5,zone_33,0.0091864851103114,50.1415125534894,0.0
zone_5,zone_35,2.791013088854427,0.0,19246.9715791558
zone_5,zone_36,0.019323251128780042,50.606772458110306,0.0
zone_5,zone_37,0.020916810719341056,51.71454582081144,0.0
zone_5,zone_39,4828.734876886974,0.0,0.0
zone_5,zone_4,10958.517035551647,0.0,0.0
zone_5,zone_40,0.07388041099255763,86.59958651565643,0.0
zone_5,zone_41,0.3423343113839472,185.60595893570263,0.0
zone_5,zone_43,0.02104253594346382,45.859175514200345,0.0
zone_5,zone_44,0.14452724703256967,309.7321744870811,0.0
zone_5,zone_47,0.25845771333293843,735.3722771292703,0.0
zone_5,zone_48,0.313475682163457,151.38781399509995,0.0
zone_5,zone_5,0.08576475451669485,0.0,1889.0944317619742
zone_5,zone_52,995.7673966486949,0.0,0.0
zone_5,zone_56,0.017216478612913175,53.334899596776495,0.0
zone_5,zone_7,8471.006239867433,0.0,0.0
zone_5,zone_9,0.09571609937894034,51.13331289754844,0.0
zone_50,zone_0,549.8565042510177,0.0,0.0
zone_50,zone_1,0.0295071055864994,156.8674994794245,0.0
zone_50,zone_19,640.3062231129019,0.0,0.0
zone_50,zone_21,0.10976469376826303,0.0,968.6666286226261
zone_50,zone_26,5.092611208433707,0.0,0.0
zone_50,zone_37,375.5646393675233,0.0,0.0
zone_50,zone_43,0.006060123313555826,47.611318698421655,0.0
zone_50,zone_45,0.01183108866324976,0.0,96.0305913723761
zone_50,zone_48,313.39288239740137,0.0,0.0
zone_50,zone_49,0.005421771156851383,52.51106858570181,0.0
zone_50,zone_50,8.603315212063686e-258,0.0,3246.0482950415662
zone_50,zone_54,0.014729049893105159,50.15623653022647,0.0
zone_51,zone_0,0.14061058292077686,44.88764483187011,0.0
zone_51,zone_1,0.05364006314568722,283.304605329762,0.0
zone_51,zone_11,267.6488418156216,0.0,0.0
zone_51,zone_13,3469.789773966201,0.0,0.0
zone_51,zone_16,0.02263899601203174,82.28167758135744,0.0
zone_51,zone_17,34.7914431443491,0.0,0.0
zone_51,zone_20,0.06779311748648406,406.5970100168441,0.0
zone_51,zone_25,0.014748061539641765,47.35823340005915,0.0
zone_51,zone_29,0.5692376523112669,715.1266017028031,0.0
zone_51,zone_3,0.2004066711844023,1271.9806403997368,0.0
zone_51,zone_30,0.07579641019896807,612.6884073108365,0.0
zone_51,zone_31,1879.3130983822912,0.0,0.0
zone_51,zone_32,4.9906056369992795,0.0,0.0
zone_51,zone_36,0.016567963278304898,47.13620052041138,0.0
zone_51,zone_37,0.060418577070437594,96.21612171956471,0.0
zone_51,zone_43,0.05743391140188506,212.83431255637925,0.0
zone_51,zone_44,0.017851039491476362,41.172673300792226,0.0
zone_51,zone_45,0.07521089500057543,43.26687464484398,0.0
zone_51,zone_46,0.03489784466194639,170.76037007833483,0.0
zone_51,zone_49,0.056267505101777124,140.78349247575673,0.0
zone_51,zone_51,0.04283409144466832,0.0,8827.184837353265
zone_51,zone_53,0.10020370974615805,868.1935314677773,0.0
zone_51,zone_54,0.05889725335138784,358.7554613991953,0.0
zone_51,zone_56,0.04268432556467919,198.08981504142758,0.0
zone_51,zone_57,0.02851597647679713,95.23327504379499,0.0
zone_51,zone_6,0.04303975749609273,96.81012564184739,0.0
zone_51,zone_9,0.5246007856869169,2378.0635826788885,0.0
zone_52,zone_1,0.019449278636022322,138.5181397435307,0.0
zone_52,zone_10,0.004003964399749515,147.1619120995483,0.0
zone_52,zone_12,0.0348277484195021,315.80437536278043,235.97471491653076
zone_52,zone_17,586.320392935788,0.0,0.0
zone_52,zone_22,0.020757081554420666,218.74619748465614,0.0
zone_52,zone_29,3.919519116782803e-263,0.001,0.0
zone_52,zone_32,94.73639609886537,0.0,0.0
zone_52,zone_33,0.004224981828303871,252.78090696245528,0.0
zone_52,zone_35,0.047632222142426295,440.74347730866526,382.9425966919714
zone_52,zone_37,0.014033751654990358,94.08447145173558,0.0
zone_52,zone_40,0.03388863693967724,78.21511877975202,0.0
zone_52,zone_44,0.022049564969761855,120.54766502317204,0.0
zone_52,zone_46,0.011139998994480763,41.94283575402296,0.0
zone_52,zone_47,0.04495871379312713,308.2426949278346,0.0
zone_52,zone_48,0.032394347304780545,45.69098419863596,0.0
zone_52,zone_5,1344.611952136229,0.0,0.0
zone_52,zone_52,7.498462159442603e-258,0.0,2829.18499533319
zone_53,zone_1,0.012306081018151255,95.5901036435282,0.0
zone_53,zone_10,0.08971873218299216,42.82613417028596,0.0
zone_53,zone_11,0.0806786568523667,44.689867061584685,0.0
zone_53,zone_13,0.3760754214201216,44.291459318018475,0.0
zone_53,zone_16,0.002242112740895259,21.92148560015024,19.796024487400278
zone_53,zone_17,1068.1508054909004,0.0,0.0
zone_53,zone_20,0.03794368294334397,459.6309433891541,0.0
zone_53,zone_24,0.02785267310843109,102.97728014799887,0.0
zone_53,zone_25,0.016546077398165448,142.94017400101671,0.0
zone_53,zone_29,0.06904144930049831,144.3472917441348,0.0
zone_53,zone_3,0.02813235243029532,168.12999508099173,226.54128493900618
zone_53,zone_30,0.03509678546579819,0.0,1868.6513246269415
zone_53,zone_31,0.1785366721593966,198.22995508181526,0.0
zone_53,zone_32,88.90315018439746,0.0,0.0
zone_53,zone_36,0.03363820292452287,189.6930991503922,0.0
zone_53,zone_38,0.04962656984260292,135.63008495054686,0.0
zone_53,zone_4,0.17104036202212347,44.62406253502682,0.0
zone_53,zone_42,0.026650146539052854,79.95536568470152,0.0
zone_53,zone_43,0.04736776668486484,472.0978532933644,0.0
zone_53,zone_44,0.00666083898498487,41.330930084885,0.0
zone_53,zone_45,0.05127041123877333,43.522002532772824,0.0
zone_53,zone_46,0.03394261750716319,257.8468994858156,0.0
zone_53,zone_48,0.04299750295794245,47.08205935472517,0.0
zone_53,zone_49,0.03849475333673771,142.00566605310974,0.0
zone_53,zone_50,0.024446883913593242,37.4273337222962,0.0
zone_53,zone_51,0.06202576243573579,345.84157469505277,0.0
zone_53,zone_53,1.0660112833327382e-257,0.0,4022.082213034799
zone_53,zone_54,0.039891774975595894,422.12513288856775,350.5542476715649
zone_53,zone_55,0.052378049668723954,191.2119704311263,0.0
zone_53,zone_56,0.019968216848382327,129.0166139924015,121.11326963541724
zone_53,zone_57,0.005605822468094712,50.351887156780144,45.60980773124629
zone_53,zone_6,0.020432019894226886,97.48621064168427,0.0
zone_53,zone_9,0.215789516623731,1543.8949265484057,0.0
zone_54,zone_1,0.012931541069590517,50.041321700042076,0.0
zone_54,zone_13,468.98001931597884,0.0,0.0
zone_54,zone_16,0.03190038778243875,216.61207693787628,0.0
zone_54,zone_17,9.40825854416081,0.0,0.0
zone_54,zone_20,0.18004368721342975,0.0,2924.2266649002827
zone_54,zone_22,0.02523571448877916,58.28750641006854,0.0
zone_54,zone_28,9.392988968461468,0.0,0.0
zone_54,zone_29,0.04447119791673662,50.524151910976144,0.0
zone_54,zone_3,0.086770149909085,362.92972687075104,0.0
zone_54,zone_30,0.05165076368720797,299.92916017181295,0.0
zone_54,zone_31,0.26089735945906234,157.00014351193286,0.0
zone_54,zone_36,0.1304292001001413,954.9524492391168,0.0
zone_54,zone_37,0.09581132823188168,153.11456468571743,0.0
zone_54,zone_38,0.04650136001680606,190.7442893806807,0.0
zone_54,zone_42,0.028038947387866,41.90272784898679,0.0
zone_54,zone_43,0.01955887145735475,135.38391766699024,0.0
zone_54,zone_46,0.07464558051630153,904.3694602901054,604.1822557821113
zone_54,zone_51,0.06604885682864114,181.670207219613,0.0
zone_54,zone_53,368.26407438774316,0.0,0.0
zone_54,zone_54,0.002159304047785405,0.0,11643.707950866949
zone_54,zone_55,0.034708883466909785,201.14967426142314,0.0
zone_54,zone_56,368.1712489268361,0.0,0.0
zone_54,zone_57,0.013288648620256343,107.56105199671079,94.38721820926627
zone_54,zone_6,0.051299744697458086,307.7517248431326,0.0
zone_54,zone_7,1077.039244619437,0.0,0.0
zone_54,zone_9,0.7314342727799583,0.0,5093.50566381211
zone_55,zone_1,0.15122866013211694,231.1064526248794,0.0
zone_55,zone_10,1934.5570894399173,0.0,0.0
zone_55,zone_12,0.07738653776444859,61.99723181618872,0.0
zone_55,zone_13,361.3410658839596,0.0,0.0
zone_55,zone_20,0.07578396861554465,110.6308034341485,0.0
zone_55,zone_24,0.020245126667217637,62.12806531865808,0.0
zone_55,zone_28,20.064435004958003,0.0,0.0
zone_55,zone_3,0.040825577939719,59.79841280530344,0.0
zone_55,zone_33,170.68426763099032,0.0,0.0
zone_55,zone_36,0.08822052515884768,1649.7554981968512,0.0
zone_55,zone_37,0.062187896586607457,117.77854733093878,0.0
zone_55,zone_38,0.2885575833875131,0.0,6005.615749896476
zone_55,zone_39,503.7260853804738,0.0,0.0
zone_55,zone_4,1066.640019789067,0.0,0.0
zone_55,zone_43,0.20643684718101113,990.9589729948,0.0
zone_55,zone_44,958.3228966228972,0.0,0.0
zone_55,zone_46,0.11981973963486778,628.2087624669908,0.0
zone_55,zone_47,0.044309879118048054,64.50429552205033,0.0
zone_55,zone_48,0.21092032276855419,57.4008706716159,0.0
zone_55,zone_5,0.2044580425625989,57.89375722931229,0.0
zone_55,zone_53,0.01956982841867213,53.22015092096368,0.0
zone_55,zone_54,0.06569705031469972,109.73682319639586,0.0
zone_55,zone_55,1.6143044548319105e-257,0.0,6090.803479962437
zone_55,zone_56,0.02567509683346006,60.73586316412379,0.0
zone_55,zone_57,0.018855312560399257,58.34920108424143,0.0
zone_55,zone_6,0.038982167298531156,1239.9290302054503,911.1194855496785
zone_55,zone_7,774.6159204301294,0.0,0.0
zone_56,zone_1,0.06299067084637776,571.6037414170594,0.0
zone_56,zone_13,0.349024016341765,49.02903432911905,0.0
zone_56,zone_16,0.004003311526526799,64.28944785761259,81.35315321332116
zone_56,zone_17,2100.2749347581243,0.0,0.0
zone_56,zone_20,0.007436652738012303,79.36306284805129,0.0
zone_56,zone_22,0.019312188511774304,60.12968944174243,0.0
zone_56,zone_24,0.05001731719495948,168.8828712093885,0.0
zone_56,zone_25,0.01834073575774138,155.52112914385845,0.0
zone_56,zone_29,0.11291129096755533,314.2340067697738,0.0
zone_56,zone_3,0.02166019992015034,256.15250042482035,198.14978246042048
zone_56,zone_30,0.009413461769228955,368.1274043052997,263.2320700628247
zone_56,zone_36,0.010382462329162092,704.224304456031,0.0
zone_56,zone_37,0.2048258459357761,529.802074574792,0.0
zone_56,zone_4,0.14070624210327734,48.86710416058185,0.0
zone_56,zone_42,0.03247485074140447,130.89873597639826,0.0
zone_56,zone_43,0.03338817831074366,359.14017073868007,235.22457895682078
zone_56,zone_44,0.03895953089911985,226.79271782506586,0.0
zone_56,zone_45,0.047036089805198855,47.62403866969156,0.0
zone_56,zone_46,0.012286412697246544,1396.919156942204,0.0
zone_56,zone_48,0.07916443969944338,103.39399116851405,0.0
zone_56,zone_49,0.062497496334266316,309.7469426485154,0.0
zone_56,zone_51,0.025422529141713345,94.88236592242495,0.0
zone_56,zone_53,0.007519522588495903,195.33114030079975,113.49372614260986
zone_56,zone_54,0.021732232220343213,253.9859903349981,0.0
zone_56,zone_56,1.8994746583189236e-258,0.0,716.675644693926
zone_56,zone_57,0.004896469701827497,128.418478717484,86.9688949315956
zone_56,zone_6,0.0061025659723009384,62.761652858248986,0.0
zone_56,zone_9,0.14479694273464389,680.2479100824143,0.0
zone_57,zone_1,0.02038037074010626,105.21328901500549,0.0
zone_57,zone_16,0.0030113770908796714,0.0,381.36949681648343
zone_57,zone_17,629.9102693979718,0.0,0.0
zone_57,zone_20,0.007748066821601096,61.370197585663234,0.0
zone_57,zone_22,0.012342101579640384,60.17122106275673,0.0
zone_57,zone_3,0.015896509623889502,107.19578609308205,0.0
zone_57,zone_30,5.9427991791193164e-260,11.555967998321096,7.8254518252709815
zone_57,zone_32,79.65727052459916,0.0,0.0
zone_57,zone_35,0.06348867720117501,51.195365983044255,0.0
zone_57,zone_36,0.005186004770102521,184.42510142161922,0.0
zone_57,zone_37,0.047065733339250036,158.1809179549294,0.0
zone_57,zone_42,0.020493501952172834,43.56553697920785,0.0
zone_57,zone_43,0.014973714953179933,231.21680732971683,128.08565444390422
zone_57,zone_46,0.01199551105779408,421.5071992363929,320.5531772547546
zone_57,zone_48,0.07508347404842425,53.32321009718959,0.0
zone_57,zone_51,0.01027206302074684,48.65047202764665,0.0
zone_57,zone_53,0.004756205918867213,77.81054314826903,53.12278874196501
zone_57,zone_54,0.01575442503149471,130.64807006739136,116.61288843821617
zone_57,zone_55,0.014696839104355314,107.717800706613,0.0
zone_57,zone_56,0.01282126688913896,0.0,110.60991633447811
zone_57,zone_57,1.3028250998190715e-258,0.0,491.5585550178432
zone_57,zone_6,0.007234505507101752,80.1479360773193,0.0
zone_57,zone_9,0.06255532072511853,320.15406656676123,0.0
zone_6,zone_1,0.07884681126202074,161.132876302206,0.0
zone_6,zone_10,0.12558640378731925,291.1390377311106,0.0
zone_6,zone_13,126.4979772480915,0.0,0.0
zone_6,zone_16,0.009257326661082433,46.41705991252951,0.0
zone_6,zone_17,9.681634359682842,0.0,0.0
zone_6,zone_20,0.04763764874614711,103.01045945712518,0.0
zone_6,zone_24,0.050788828480124816,116.22030050319691,0.0
zone_6,zone_25,0.02050289638451256,107.6893656834116,0.0
zone_6,zone_28,4.793552035540179,0.0,0.0
zone_6,zone_3,0.023200259305512776,55.7321474777998,0.0
zone_6,zone_30,0.013119540584720039,53.658908155271725,0.0
zone_6,zone_33,0.046773283917115625,52.8638737621118,0.0
zone_6,zone_36,0.04042178097654806,3861.238119085826,2056.094418060751
zone_6,zone_38,0.06071832557781336,641.4780034309032,491.5429611834411
zone_6,zone_39,115.06983373898828,0.0,0.0
zone_6,zone_43,0.07190214957064353,435.7017839353783,0.0
zone_6,zone_44,0.24729701230688583,795.9613663309585,0.0
zone_6,zone_46,778.3837173455382,0.0,0.0
zone_6,zone_47,0.05336946628789029,59.87768508539942,0.0
zone_6,zone_48,0.44189072875534974,106.10491940800706,0.0
zone_6,zone_49,0.057728463999617737,53.48814649766312,0.0
zone_6,zone_5,0.24551443161494607,53.5782634504139,0.0
zone_6,zone_53,0.011311881149738473,49.21925638022928,0.0
zone_6,zone_54,0.08791044916192381,203.61869672835053,0.0
zone_6,zone_55,0.0340217833316601,1031.8630987772128,889.423189010093
zone_6,zone_57,0.023161591590669245,108.30249557914986,0.0
zone_6,zone_6,7.966506463756583e-259,0.0,300.57790615243175
zone_6,zone_7,386.9812758249676,0.0,0.0
zone_6,zone_9,0.08935839157487753,162.07084935270524,0.0
zone_7,zone_0,0.16731565613238933,812.827769086494,0.0
zone_7,zone_1,0.025699730259807894,10363.304204742904,0.0
zone_7,zone_10,1.5880323269051367e-259,4.869826661459462,0.0
zone_7,zone_13,12843.04516176991,0.0,0.0
zone_7,zone_15,0.03114565817264032,53.90167561607483,0.0
zone_7,zone_17,101.16948122811748,0.0,0.0
zone_7,zone_19,0.14517554514677816,153.47694359253222,0.0
zone_7,zone_2,1174.761920662971,0.0,0.0
zone_7,zone_21,0.011967642941350685,50.130817935904204,0.0
zone_7,zone_3,0.020265789128570563,61.36000265678943,0.0
zone_7,zone_30,3.1639807703698654e-259,14.10525355519106,0.0
zone_7,zone_32,53.48407112578264,0.0,0.0
zone_7,zone_33,1.635077600684663e-259,5.15161853104695,0.0
zone_7,zone_35,2.642502597989973e-259,14.408483749803391,0.0
zone_7,zone_36,3.9206511255147064e-259,14.871190720947453,0.0
zone_7,zone_37,0.05097831868022787,166.55712439703095,0.0
zone_7,zone_41,0.010410888016388878,49.41633150451581,0.0
zone_7,zone_42,0.00899477035628505,45.691027767321934,0.0
zone_7,zone_43,8.645500918381239e-260,5.068950572058879,0.0
zone_7,zone_45,0.006792237419436063,1299.8522556545656,0.0
zone_7,zone_47,2.0683470920896892e-259,10.110512304570303,0.0
zone_7,zone_48,0.043499901774666706,285.10392803663467,0.0
zone_7,zone_5,0.03935157514877154,54.77395050753687,0.0
zone_7,zone_50,6.688881803679788e-260,4.6752111545913655,0.0
zone_7,zone_52,2.0153154654874235e-259,9.620065688263866,0.0
zone_7,zone_57,1.009875113112231e-259,5.030054508255641,0.0
zone_7,zone_6,2.2471807402387756e-259,9.805654779972986,0.0
zone_7,zone_8,2116.270347986091,0.0,0.0
zone_8,zone_10,125.92045461074039,0.0,0.0
zone_8,zone_12,38.19069228206595,0.0,0.0
zone_8,zone_20,97.29186816412133,0.0,0.0
zone_8,zone_22,4.95681676181378,0.0,0.0
zone_8,zone_31,4.79293099354601,0.0,0.0
zone_8,zone_33,1020.2677415422206,0.0,0.0
zone_8,zone_36,197.25169342661516,0.0,0.0
zone_8,zone_38,142.4269178740367,0.0,0.0
zone_8,zone_44,4.643967758196804,0.0,0.0
zone_8,zone_46,55.45719487002915,0.0,0.0
zone_8,zone_51,14.590901624372458,0.0,0.0
zone_8,zone_54,61.98500205673453,0.0,0.0
zone_8,zone_55,53.04105064751523,0.0,0.0
zone_8,zone_6,4.884188406480437,0.0,0.0
zone_8,zone_8,0.09576478382262812,0.0,2109.359735216178
zone_8,zone_9,283.7540789815105,0.0,0.0
zone_9,zone_0,0.2253103591270556,50.42508793887927,0.0
zone_9,zone_1,0.11449549609678136,423.9516546685387,0.0
zone_9,zone_10,0.2643963884985149,143.53328196658046,0.0
zone_9,zone_11,0.9543740695902364,249.70236911068895,0.0
zone_9,zone_12,0.21945417403194323,56.19200374582876,0.0
zone_9,zone_13,237.32658549262842,0.0,0.0
zone_9,zone_15,2599.684138258347,0.0,0.0
zone_9,zone_16,0.04561063354529108,139.15595887927182,0.0
zone_9,zone_17,4.9041232518326465,0.0,0.0
zone_9,zone_20,0.5103774208056822,4538.884474902901,3679.5620890907217
zone_9,zone_24,0.051477411923650976,56.967413245183536,0.0
zone_9,zone_25,0.050331599378355636,106.2401809021977,0.0
zone_9,zone_28,19.461771957546407,0.0,0.0
zone_9,zone_29,0.16640944320557108,160.61197665859245,0.0
zone_9,zone_3,0.42981945381784087,1593.8339988658695,0.0
zone_9,zone_30,1535.3906656952058,0.0,0.0
zone_9,zone_31,1.7504545015137365,942.7701065272947,0.0
zone_9,zone_36,0.19457117317062828,848.0778040079103,0.0
zone_9,zone_37,0.24405099893196175,270.13413881079197,0.0
zone_9,zone_38,0.020482790029729896,50.24549138754858,0.0
zone_9,zone_4,0.4027596393448722,49.46225424298882,0.0
zone_9,zone_42,0.0938983746341811,133.84295830443918,0.0
zone_9,zone_43,0.35335282062329204,860.9428555348862,0.0
zone_9,zone_44,0.12183553049079315,184.7160955964069,0.0
zone_9,zone_46,0.27579465271486325,2064.5318868537206,0.0
zone_9,zone_48,0.1013449558186336,52.72344096791374,0.0
zone_9,zone_49,0.3005655051309585,526.7841611741383,0.0
zone_9,zone_51,0.5475513853422859,1347.9317378077083,0.0
zone_9,zone_53,1609.200943253967,0.0,0.0
zone_9,zone_54,0.2944535800676316,2634.968118522441,2050.4931661240707
zone_9,zone_55,0.061501138229890825,213.15302881405216,0.0
zone_9,zone_56,0.17934377480227506,557.1133831409002,0.0
zone_9,zone_57,0.1060354091768766,481.46292685984577,0.0
zone_9,zone_6,0.060654716515926486,217.39806539373745,0.0
zone_9,zone_7,605.9296956980775,0.0,0.0
zone_9,zone_9,0.004853111965515361,0.0,24585.036774258886
